Williams College,1,https://www.facebook.com/williamscollege,https://twitter.com/WilliamsCollege
Stanford University,2,https://www.facebook.com/stanford,https://twitter.com/Stanford
Swarthmore College,3,https://www.facebook.com/SwarthmoreCollege,https://twitter.com/swarthmore
Princeton University,4,https://www.facebook.com/PrincetonU,https://twitter.com/Princeton
Massachusetts Institute of Technology,5,https://www.facebook.com/MITnews,https://twitter.com/MIT
Yale University,6,https://www.facebook.com/YaleUniversity,https://twitter.com/Yale
Harvard University,7,https://www.facebook.com/Harvard,https://twitter.com/Harvard
Pomona College,8,https://www.facebook.com/pomonacollege,https://twitter.com/pomonacollege
United States Military Academy,9,https://www.facebook.com/WestPointUSMA,https://twitter.com/WestPoint_USMA
Amherst College,10,https://www.facebook.com/amherstcollege,https://twitter.com/AmherstCollege
Haverford College,11,https://www.facebook.com/haverfordcollege,https://twitter.com/haverfordedu
University of Pennsylvania,12,https://www.facebook.com/UnivPennsylvania,https://twitter.com/Penn
Brown University,13,https://www.facebook.com/BrownUniversity,https://twitter.com/BrownUniversity
Bowdoin College,14,https://www.facebook.com/Bowdoin,https://twitter.com/BowdoinCollege
Wesleyan University,15,https://www.facebook.com/wesleyan.university,https://twitter.com/wesleyan_u
Carleton College,16,https://www.facebook.com/CarletonCollege,https://twitter.com/CarletonCollege
University of Notre Dame,17,https://www.facebook.com/notredame,https://twitter.com/NotreDame
Dartmouth College,18,https://www.facebook.com/Dartmouth,https://twitter.com/dartmouth
Northwestern University,19,https://www.facebook.com/NorthwesternU,https://twitter.com/NorthwesternU
Columbia University,20,https://www.facebook.com/columbia,https://twitter.com/Columbia
California Institute of Technology,21,https://www.facebook.com/californiainstituteoftechnology,https://twitter.com/Caltech
Davidson College,22,https://www.facebook.com/davidsoncollege.nc,https://twitter.com/DavidsonCollege
Duke University,23,https://www.facebook.com/DukeUniv,https://twitter.com/DukeU
University of Chicago,24,https://www.facebook.com/uchicago,https://twitter.com/UChicago
Tufts University,25,https://www.facebook.com/tuftsu,https://twitter.com/TuftsUniversity
Vassar College,26,https://www.facebook.com/vassarcollege,https://twitter.com/Vassar
United States Naval Academy,27,https://www.facebook.com/USNavalAcademy,https://twitter.com/NavalAcademy
Georgetown University,28,https://www.facebook.com/georgetownuniv,https://twitter.com/Georgetown
Wellesley College,29,https://www.facebook.com/WellesleyCollege,https://twitter.com/Wellesley
Middlebury College,30,https://www.facebook.com/middleburycollege,https://twitter.com/Middlebury
Cornell University,31,https://www.facebook.com/Cornell,https://twitter.com/Cornell
Rice University,32,https://www.facebook.com/RiceUniversity,https://twitter.com/RiceUniversity
Washington and Lee University,33,https://www.facebook.com/washingtonandlee,https://twitter.com/wlunews
United States Air Force Academy,34,https://www.facebook.com/USAFA.Official,https://twitter.com/AF_Academy
Barnard College,35,https://www.facebook.com/barnardcollege,https://twitter.com/BarnardCollege
Boston College,36,https://www.facebook.com/BostonCollege,https://twitter.com/BostonCollege
"University of California, Berkeley",37,https://www.facebook.com/UCBerkeley,https://twitter.com/UCBerkeley
Colgate University,38,https://www.facebook.com/colgateuniversity,https://twitter.com/colgateuniv
Colby College,39,https://www.facebook.com/colbycollege,https://twitter.com/ColbyCollege
University of Virginia,40,https://www.facebook.com/UniversityofVirginia,https://twitter.com/UVA
College of William and Mary,41,https://www.facebook.com/williamandmary,https://twitter.com/williamandmary
Kenyon College,42,https://www.facebook.com/kenyoncollege,https://twitter.com/KenyonCollege
Oberlin College,43,https://www.facebook.com/OberlinCollege,https://twitter.com/oberlincollege
"University of California, Los Angeles",44,https://www.facebook.com/uclabruins,https://twitter.com/UCLA
"University of Michigan, Ann Arbor",45,https://www.facebook.com/universityofmichigan,https://twitter.com/umich
Reed College,46,https://www.facebook.com/reedcollege,https://twitter.com/Reed_College_
Whitman College,47,https://www.facebook.com/whitmancollege,https://twitter.com/whitmancollege
Lafayette College,48,https://www.facebook.com/LafayetteCollege.edu,https://twitter.com/LafCol
Smith College,49,https://www.facebook.com/smithcollege,https://twitter.com/smithcollege
"University of North Carolina, Chapel Hill",50,https://www.facebook.com/uncchapelhill,https://twitter.com/UNC
Colorado College,51,https://www.facebook.com/coloradocollege,https://twitter.com/ColoradoCollege
Harvey Mudd College,52,https://www.facebook.com/harveymuddcollege,https://twitter.com/harveymudd
College of the Holy Cross,53,https://www.facebook.com/collegeoftheholycross,https://twitter.com/holy_cross
Vanderbilt University,54,https://www.facebook.com/vanderbilt,https://twitter.com/VanderbiltU
Hamilton College,55,https://www.facebook.com/HamiltonCollege,https://twitter.com/HamiltonCollege
Franklin and Marshall College,56,https://www.facebook.com/fandm,https://twitter.com/FandMCollege
Union College,57,https://www.facebook.com/unioncollege,https://twitter.com/UnionCollegeNY
Grinnell College,58,https://www.facebook.com/grinnellcollege,https://twitter.com/GrinnellCollege
Carnegie Mellon University,59,https://www.facebook.com/carnegiemellonu,https://twitter.com/CarnegieMellon
Bates College,60,https://www.facebook.com/batescollege,https://twitter.com/BatesCollege
Wake Forest University,61,https://www.facebook.com/wfuniversity,https://twitter.com/WakeForest1834
University of Rochester,62,https://www.facebook.com/University.of.Rochester,https://twitter.com/UofR
Washington University in Saint Louis,63,https://www.facebook.com/wustl,https://twitter.com/WUSTL
Cooper Union,64,https://www.facebook.com/cooperunion,https://twitter.com/cooperunion
Bryn Mawr College,65,https://www.facebook.com/BrynMawrCollege,https://twitter.com/BrynMawrCollege
Macalester College,66,https://www.facebook.com/MacalesterCollege,https://twitter.com/Macalester
Johns Hopkins University,67,https://www.facebook.com/johnshopkinsuniversity,https://twitter.com/JohnsHopkins
"University of Illinois, Urbana-Champaign",68,https://www.facebook.com/illinois.edu,https://twitter.com/Illinois_Alma
Scripps College,69,https://www.facebook.com/scrippscollege,https://twitter.com/scrippscollege
"University of Wisconsin, Madison",70,https://www.facebook.com/UWMadison,https://twitter.com/UWMadison
Villanova University,71,https://www.facebook.com/VillanovaU,https://twitter.com/VillanovaU
New York University,72,https://www.facebook.com/NYU,https://twitter.com/nyuniversity
University of Washington,73,https://www.facebook.com/UofWA,https://twitter.com/UW
Brandeis University,74,https://www.facebook.com/brandeisuniversity,https://twitter.com/BrandeisU
Wheaton College (IL),75,https://www.facebook.com/wheatoncollege.il,https://twitter.com/WheatonCollege
"University of Texas, Austin",76,https://www.facebook.com/UTAustinTX,https://twitter.com/UTAustin
Lehigh University,77,https://www.facebook.com/lehighu,https://twitter.com/LehighU
University of Southern California,78,https://www.facebook.com/usc,https://twitter.com/USC
Brigham Young University,79,https://www.facebook.com/BYU,https://twitter.com/BYU
Occidental College,80,https://www.facebook.com/occidental,https://twitter.com/OxyNews
Centre College,81,https://www.facebook.com/centre,https://twitter.com/CentreC
"University of Maryland, College Park",82,https://www.facebook.com/UnivofMaryland,https://twitter.com/UofMaryland
Trinity College,83,https://www.facebook.com/TrinityCollege,https://twitter.com/trinitycollege
Connecticut College,84,https://www.facebook.com/ConnecticutCollege,https://twitter.com/ConnCollege
Wofford College,85,https://www.facebook.com/woffordcollege,https://twitter.com/woffordcollege
Santa Clara University,86,https://www.facebook.com/SantaClaraUniversity,https://twitter.com/SantaClaraUniv
University of Florida,87,https://www.facebook.com/uflorida,https://twitter.com/uflorida
Dickinson College,88,https://www.facebook.com/Dickinson,https://twitter.com/DickinsonCol
Boston University,89,https://www.facebook.com/BostonUniversity,https://twitter.com/BU_Tweets
Georgia Institute of Technology,90,https://www.facebook.com/georgiatech,https://twitter.com/GeorgiaTech
DePauw University,91,https://www.facebook.com/DePauwUniversity,https://twitter.com/DePauwU
Earlham College,92,https://www.facebook.com/earlhamcollege,https://twitter.com/earlham1847
Rhodes College,93,https://www.facebook.com/rhodescollege,https://twitter.com/RhodesCollege
University of Georgia,94,https://www.facebook.com/uga.edu,https://twitter.com/universityofga
Denison University,95,https://www.facebook.com/denisonuniversity,https://twitter.com/DenisonU
University of Richmond,96,https://www.facebook.com/universityofrichmond,https://twitter.com/urichmond
Mount Holyoke College,97,https://www.facebook.com/mountholyokecollege,https://twitter.com/mtholyoke
Sewanee-University of the South,98,https://www.facebook.com/sewanee,https://twitter.com/univofthesouth
Sarah Lawrence College,99,https://www.facebook.com/sarahlawrencecollege,https://twitter.com/SarahLawrence
Furman University,100,https://www.facebook.com/FurmanUniversity,https://twitter.com/FurmanU
Southern Methodist University,101,https://www.facebook.com/smudallas,https://twitter.com/SMU
Skidmore College,102,https://www.facebook.com/SkidmoreCollege,https://twitter.com/SkidmoreCollege
Gettysburg College,103,https://www.facebook.com/Gburg.College,https://twitter.com/gettysburg
Pitzer College,104,https://www.facebook.com/PitzerOfficeOfAdmission,https://twitter.com/pitzercollege
Providence College,105,https://www.facebook.com/providencecollege,https://twitter.com/providencecol
Lawrence University,106,https://www.facebook.com/lawrenceuniversity,https://twitter.com/LawrenceUni
"Indiana University, Bloomington",107,https://www.facebook.com/IndianaUniversity,https://twitter.com/IUBloomington
"University of Minnesota, Twin Cities",108,https://www.facebook.com/UofMN,https://twitter.com/UMNews
Saint Olaf College,109,https://www.facebook.com/stolafcollege,https://twitter.com/StOlaf
Hampshire College,110,https://www.facebook.com/hampshirecollege,https://twitter.com/hampshirecolg
Kalamazoo College,111,https://www.facebook.com/KalamazooCollege,https://twitter.com/kcollege
Pepperdine University,112,https://www.facebook.com/pepperdine,https://twitter.com/pepperdine
"University of California, Davis",113,https://www.facebook.com/UCDavis,https://twitter.com/ucdavis
United States Coast Guard Academy,114,https://www.facebook.com/CoastGuardAcademy,https://twitter.com/USCGAcademy
Lewis & Clark College,115,https://www.facebook.com/lewisandclarkcollege,https://twitter.com/lewisandclark
"University of California, Santa Barbara",116,https://www.facebook.com/ucsantabarbara,https://twitter.com/ucsantabarbara
Virginia Tech,117,https://www.facebook.com/virginiatech,https://twitter.com/virginia_tech
"University of Colorado, Boulder",118,https://www.facebook.com/cuboulder,https://twitter.com/CUBoulder
"Purdue University, West Lafayette",119,https://www.facebook.com/PurdueUniversity,https://twitter.com/LifeAtPurdue
Yeshiva University,120,https://www.facebook.com/YeshivaUniversity,https://twitter.com/YUNews
Muhlenberg College,121,https://www.facebook.com/MuhlenbergCollege,https://twitter.com/Muhlenberg
George Washington University,122,https://www.facebook.com/georgewashingtonuniversity,https://twitter.com/GWtweets
University of Redlands,123,https://www.facebook.com/universityofredlands,https://twitter.com/UofRedlands
College of the Atlantic,124,https://www.facebook.com/collegeoftheatlantic,https://twitter.com/collegeatlantic
Bennington College,125,https://www.facebook.com/benningtoncollege,https://twitter.com/AtBennington
"University of California, San Diego",126,https://www.facebook.com/UCSanDiego,https://twitter.com/UCSanDiego
Case Western Reserve University,127,https://www.facebook.com/casewesternreserve,https://twitter.com/cwru
University of Miami,128,https://www.facebook.com/UniversityofMiami,https://twitter.com/univmiami
Virginia Military Institute,129,https://www.facebook.com/vmi1839,https://twitter.com/VMISID
Willamette University,130,https://www.facebook.com/Willamette,https://twitter.com/willamette_u
Rensselaer Polytechnic Institute,131,https://www.facebook.com/RPI.EDU,https://twitter.com/RPInews
Trinity University,132,https://www.facebook.com/TrinityUniversity,https://twitter.com/Trinity_U
Juniata College,133,https://www.facebook.com/juniata,https://twitter.com/juniatacollege
American University,134,https://www.facebook.com/AmericanUniversity,https://twitter.com/AmericanU
University of Delaware,135,https://www.facebook.com/udelaware,https://twitter.com/UDelaware
College of Wooster,136,https://www.facebook.com/CollegeofWooster,https://twitter.com/WoosterEdu
"Texas A&M University, College Station",137,https://www.facebook.com/tamu,https://twitter.com/TAMU
Saint Lawrence University,138,https://www.facebook.com/StLawrenceU,https://twitter.com/StLawrenceU
University of Denver,139,https://www.facebook.com/uofdenver,https://twitter.com/UofDenver
University of Vermont,140,https://www.facebook.com/UniversityofVermont,https://twitter.com/uvmvermont
University of Utah,141,https://www.facebook.com/universityofutah,https://twitter.com/UUtah
Presbyterian College,142,https://www.facebook.com/PresbyterianCollege,https://twitter.com/presbycollege
Drake University,143,https://www.facebook.com/DrakeUniversity,https://twitter.com/DrakeUniversity
"University of California, Irvine",144,https://www.facebook.com/UCIrvine,https://twitter.com/UCIrvine
Ohio Wesleyan University,145,https://www.facebook.com/OhioWesleyanUniversity,https://twitter.com/OhioWesleyan
Clark University,146,https://www.facebook.com/pages/Clark-University/89555183497,https://twitter.com/ClarkUniversity
Tulane University,147,https://www.facebook.com/TulaneU,https://twitter.com/TulaneNews
Grove City College,148,https://www.facebook.com/grovecitycollege,https://twitter.com/GroveCtyCollege
Knox College,149,https://www.facebook.com/KnoxCollege,https://twitter.com/KnoxCollege1837
Fordham University,150,https://www.facebook.com/FordhamUniversity,https://twitter.com/fordhamnotes
Saint Michael's College,151,https://www.facebook.com/SaintMichaelsCollege,https://twitter.com/saintmichaels
Hendrix College,152,https://www.facebook.com/hendrixcollege,https://twitter.com/hendrixcollege
Colorado School of Mines,153,https://www.facebook.com/ColoradoSchoolofMines,https://twitter.com/coschoolofmines
Bard College,154,https://www.facebook.com/BardCollegeNY,https://twitter.com/BARDCollege
"Ohio State University, Columbus",155,https://www.facebook.com/osu,https://twitter.com/OhioState
Creighton University,156,https://www.facebook.com/creightonuniversity,https://twitter.com/Creighton
"California Polytechnic State University, San Luis Obispo",157,https://www.facebook.com/CaliforniaPolytechnic,https://twitter.com/calpoly
Syracuse University,158,https://www.facebook.com/syracuseuniversity,https://twitter.com/SyracuseU
Thomas Aquinas College,159,https://www.facebook.com/ThomasAquinasCollege,https://twitter.com/tacollege
Hobart and William Smith Colleges,160,https://www.facebook.com/hwscolleges,https://twitter.com/HWSColleges
Westmont College,161,https://www.facebook.com/westmont,https://twitter.com/WestmontNews
Saint John's College,162,https://www.facebook.com/stjohnscollege,https://twitter.com/stjohnscollege
Clemson University,163,https://www.facebook.com/clemsonuniv,https://twitter.com/ClemsonNews
University of Connecticut,164,https://www.facebook.com/UConn,https://twitter.com/UConn
Beloit College,165,https://www.facebook.com/BeloitCollege,https://twitter.com/Beloit_College
"Pennsylvania State University, University Park",166,https://www.facebook.com/pennstate,https://twitter.com/penn_state
"North Carolina State University, Raleigh",167,https://www.facebook.com/ncstate,https://twitter.com/NCState
College of New Jersey,168,https://www.facebook.com/tcnjlions,https://twitter.com/TCNJ
Michigan State University,169,https://www.facebook.com/spartans.msu,https://twitter.com/michiganstateu
Loyola University Maryland,170,https://www.facebook.com/LoyolaMaryland,https://twitter.com/LoyolaMaryland
Hampden-Sydney College,171,https://www.facebook.com/HampdenSydneyCollege,https://twitter.com/HSC1776
Hope College,172,https://www.facebook.com/hopecollege,https://twitter.com/HopeCollege
Worcester Polytechnic Institute,173,https://www.facebook.com/wpi.edu,https://twitter.com/WPI
Binghamton University,174,https://www.facebook.com/BinghamtonU,https://twitter.com/binghamtonu
Wheaton College (MA),175,https://www.facebook.com/WheatonCollege,https://twitter.com/wheaton
"Miami University, Oxford",176,https://www.facebook.com/MiamiUniversity,https://twitter.com/MiamiUniversity
"Rutgers University, New Brunswick",177,https://www.facebook.com/RutgersU,https://twitter.com/RutgersU
Hillsdale College,178,https://www.facebook.com/hillsdalecollegemichigan,https://twitter.com/Hillsdale
Wabash College,179,https://www.facebook.com/WabashCollegeNews,https://twitter.com/WabNews
New College of Florida,180,https://www.facebook.com/newcollegeofflorida,https://twitter.com/newcollegeoffl
University of Puget Sound,181,https://www.facebook.com/univpugetsound,https://twitter.com/univpugetsound
Elon University,182,https://www.facebook.com/ElonUniversity,https://twitter.com/elonuniversity
Loyola Marymount University,183,https://www.facebook.com/lmula,https://twitter.com/LoyolaMarymount
Transylvania University,184,https://www.facebook.com/transylvaniauniversity,https://twitter.com/Transy
University of New Hampshire,185,https://www.facebook.com/universityofnewhampshire,https://twitter.com/UofNH
"University of South Carolina, Columbia",186,https://www.facebook.com/uofsc,https://twitter.com/UofSC
University of Portland,187,https://www.facebook.com/universityofportland,https://twitter.com/UPortland
James Madison University,188,https://www.facebook.com/jamesmadisonuniversity,https://twitter.com/JMU
Saint Anselm College,189,https://www.facebook.com/saintanselm,https://twitter.com/saintanselm
Louisiana State University,190,https://www.facebook.com/geauxlsu,https://twitter.com/lsu
Saint Louis University,191,https://www.facebook.com/SaintLouisU,https://twitter.com/SLU_Official
University of Iowa,192,https://www.facebook.com/universityofiowa,https://twitter.com/uiowa
Ursinus College,193,https://www.facebook.com/ursinuscollege,https://twitter.com/UrsinusCollege
College of the Ozarks,194,https://www.facebook.com/CollegeoftheOzarks,https://twitter.com/cofoHardWorkU
Baylor University,195,https://www.facebook.com/BaylorAthletics,https://twitter.com/Baylor
Bentley University,196,https://www.facebook.com/bentleyuniversity,https://twitter.com/bentleyu
Southwestern University,197,https://www.facebook.com/SouthwesternUniversity,https://twitter.com/SouthwesternU
University of Pittsburgh,198,https://www.facebook.com/upitt,https://twitter.com/PittTweet
Manhattan College,199,https://www.facebook.com/ManhattanCollegeEdu,https://twitter.com/ManhattanEdu
University of Wyoming,200,https://www.facebook.com/uwpride,https://twitter.com/UWyonews
Gustavus Adolphus College,201,https://www.facebook.com/gustavusadolphuscollege,https://twitter.com/gustavus
"University of Oklahoma, Norman",202,https://www.facebook.com/uoklahoma,https://twitter.com/UofOklahoma
Samford University,203,https://www.facebook.com/SamfordUniversity?sk=wall,https://twitter.com/samfordu
Auburn University,204,https://www.facebook.com/auburnu,https://twitter.com/AuburnU
Carroll College,205,https://www.facebook.com/carrollcollege,https://twitter.com/CarrollCollege
Catholic University of America,206,https://www.facebook.com/CatholicUniversity,https://twitter.com/CatholicUniv
Saint Mary's College of Maryland,207,https://www.facebook.com/stmarysMD,https://twitter.com/StMarysMD
Marquette University,208,https://www.facebook.com/MarquetteU,https://twitter.com/MarquetteU
Northeastern University,209,https://www.facebook.com/northeastern,https://twitter.com/Northeastern
Wittenberg University,210,https://www.facebook.com/wittenberguniversity,https://twitter.com/wittenberg
United States Merchant Marine Academy,211,https://www.facebook.com/USMMA.Alumni,https://twitter.com/USMMA_Alumni
University of Dallas,212,https://www.facebook.com/udallas,https://twitter.com/UofDallas
University of Tulsa,213,https://www.facebook.com/UTulsaAdmission,https://twitter.com/utulsa
University of San Francisco,214,https://www.facebook.com/University.of.San.Francisco,https://twitter.com/usfca
"CUNY, City College",215,https://www.facebook.com/CUNYedu,https://twitter.com/CityCollegeNY
Texas Christian University,216,https://www.facebook.com/TCUTexasChristianUniversity,https://twitter.com/TCU
Saint John's University,217,https://www.facebook.com/stjohnsu,https://twitter.com/StJohnsU
"University of California, Santa Cruz",218,https://www.facebook.com/ucsantacruz,https://twitter.com/ucsc
Saint Mary's College of California,219,https://www.facebook.com/stmarysca,https://twitter.com/stmarysca
Calvin College,220,https://www.facebook.com/calvincollege,https://twitter.com/CalvinCollege
Stonehill College,221,https://www.facebook.com/stonehillcollege,https://twitter.com/stonehill_info
"University of Massachusetts, Amherst",222,https://www.facebook.com/UMassAmherst,https://twitter.com/UMassAmherst
University of San Diego,223,https://www.facebook.com/usandiego,https://twitter.com/uofsandiego
Rollins College,224,https://www.facebook.com/Rollins.College,https://twitter.com/rollinscollege
Allegheny College,225,https://www.facebook.com/alleghenycollege,https://twitter.com/alleghenycol
Florida State University,226,https://www.facebook.com/floridastate,https://twitter.com/floridastate
Saint Joseph's University,227,https://www.facebook.com/saintjosephsuniversity,https://twitter.com/saintjosephs
Emerson College,228,https://www.facebook.com/EmersonCollege,https://twitter.com/EmersonCollege
University of Saint Thomas,229,https://www.facebook.com/UofStThomasMN,https://twitter.com/UofStThomasMN
"University of Missouri, Columbia",230,https://www.facebook.com/Mizzou,https://twitter.com/Mizzou
Whitworth University,231,https://www.facebook.com/whitworthuniversity,https://twitter.com/whitworth
George Mason University,232,https://www.facebook.com/georgemason,https://twitter.com/GeorgeMasonU
Clarkson University,233,https://www.facebook.com/ClarksonUniversity,https://twitter.com/ClarksonUniv
Fairfield University,234,https://www.facebook.com/FairfieldUniversity,https://twitter.com/FairfieldU
University of Oregon,235,https://www.facebook.com/universityoforegon,https://twitter.com/Univ_Of_Oregon
Lake Forest College,236,https://www.facebook.com/lakeforestcollege,https://twitter.com/lfcollege
Luther College,237,https://www.facebook.com/luthercollege,https://twitter.com/luthercollege
Gonzaga University,238,https://www.facebook.com/GonzagaUniversity,https://twitter.com/GonzagaU
Butler University,239,https://www.facebook.com/butleruniversity.official,https://twitter.com/butleru
Linfield College,240,https://www.facebook.com/LinfieldCollege,https://twitter.com/linfieldcollege
"SUNY, College of Environmental Science and Forestry",241,https://www.facebook.com/sunyesf,https://twitter.com/sunyesf
University of Dayton,242,https://www.facebook.com/GoDaytonHoops,https://twitter.com/univofdayton
Saint Mary's College,243,https://www.facebook.com/saintmaryscollege,https://twitter.com/saintmarys
"CUNY, Baruch College",244,https://www.facebook.com/baruchcollege,https://twitter.com/BaruchCollege
Sweet Briar College,245,https://www.facebook.com/sweet.briar.college,https://twitter.com/Sweetbriaredu
Truman State University,246,https://www.facebook.com/trumanstateuniversity,https://twitter.com/trumanstate
Illinois Institute of Technology,247,https://www.facebook.com/IITScarletHawks,https://twitter.com/illinoistech
Augustana College,248,https://www.facebook.com/AugustanaCollege,https://twitter.com/Augustana_IL
Stony Brook University,249,https://www.facebook.com/stonybrooku,https://twitter.com/stonybrooku
University of Arizona,250,https://www.facebook.com/uarizona,https://twitter.com/UofA
John Carroll University,251,https://www.facebook.com/JCU1886,https://twitter.com/JohnCarrollU
The Citadel,252,https://www.facebook.com/TheCitadel,https://twitter.com/TheCitadelOEA
Illinois Wesleyan University,253,https://www.facebook.com/illinoiswesleyan,https://twitter.com/IL_Wesleyan
Agnes Scott College,254,https://www.facebook.com/agnesscottcollege,https://twitter.com/agnesscott
University of Mary Washington,255,https://www.facebook.com/UniversityofMaryWashington,https://twitter.com/UMaryWash
Fisk University,256,https://www.facebook.com/fiskuniversity.edu,https://twitter.com/Fisk_University
Taylor University,257,https://www.facebook.com/tayloruniversity,https://twitter.com/MastersCollege
Hanover College,258,https://www.facebook.com/hanovercollege,https://twitter.com/HanoverCollege
Rockhurst University,259,https://www.facebook.com/RockhurstU,https://twitter.com/rockhurstu
College of Idaho,260,https://www.facebook.com/thecollegeofidaho,https://twitter.com/collegeofidaho
Iowa State University,261,https://www.facebook.com/IowaStateU,https://twitter.com/IowaStateU
San Diego State University,262,https://www.facebook.com/SanDiegoState,https://twitter.com/SDSU
"University of California, Riverside",263,https://www.facebook.com/UCRiverside,https://twitter.com/UCRiverside
Pacific Lutheran University,264,https://www.facebook.com/Pacific.Lutheran.University,https://twitter.com/PLUNEWS
University of Scranton,265,https://www.facebook.com/universityofscranton,https://twitter.com/univofscranton
Seattle University,266,https://www.facebook.com/seattleu,https://twitter.com/seattleu
Saint Norbert College,267,https://www.facebook.com/stnorbert,https://twitter.com/stnorbert
Bryant University,268,https://www.facebook.com/bryantuniversity,https://twitter.com/BryantUniv
"SUNY, Geneseo",269,https://www.facebook.com/SUNYGeneseo,https://twitter.com/SUNYGeneseo
Valparaiso University,270,https://www.facebook.com/valparaiso.university,https://twitter.com/ValpoNews
Austin College,271,https://www.facebook.com/austincollege,https://twitter.com/AustinCollege
Ithaca College,272,https://www.facebook.com/ithacacollege,https://twitter.com/ithacacollege
"California State Polytechnic University, Pomona",273,https://www.facebook.com/calpolypomona,https://twitter.com/calpolypomona
Ohio Northern University,274,https://www.facebook.com/OhioNorthern,https://twitter.com/ohionorthern
Elizabethtown College,275,https://www.facebook.com/etowncollege,https://twitter.com/etowncollege
Pacific University,276,https://www.facebook.com/pacificu,https://twitter.com/goboxers
Whittier College,277,https://www.facebook.com/WhittierCollege,https://twitter.com/WhittierCollege
Bradley University,278,https://www.facebook.com/BradleyUniversity,https://twitter.com/bradleyu
College of Saint Benedict,279,https://www.facebook.com/twocolleges,https://twitter.com/csbsju
"University of Nebraska, Lincoln",280,https://www.facebook.com/UNLincoln,https://twitter.com/UNLincoln
California Lutheran University,281,https://www.facebook.com/callutheran,https://twitter.com/CalLutheran
Covenant College,282,https://www.facebook.com/covenant.edu,https://twitter.com/covenantcollege
Washington College,283,https://www.facebook.com/washingtoncollege,https://twitter.com/washcoll
"CUNY, Hunter College",284,https://www.facebook.com/huntercollege,https://twitter.com/hunter_college
Goucher College,285,https://www.facebook.com/gouchercollege,https://twitter.com/gouchercollege
University at Buffalo,286,https://www.facebook.com/universityatbuffalo,https://twitter.com/UBCommunity
Cedarville University,287,https://www.facebook.com/cedarville,https://twitter.com/cedarville
Westminster College (MO),288,https://www.facebook.com/WestminsterCollegeMO,https://twitter.com/westminstermo
"CUNY, Queens College",289,https://www.facebook.com/QueensCollege,https://twitter.com/qc_news
Westminster College (PA),290,https://www.facebook.com/westminsterpa,https://twitter.com/westminsterpa
Mills College,291,https://www.facebook.com/millscollege,https://twitter.com/MillsCollege
"University of Tennessee, Knoxville",292,https://www.facebook.com/UTKnoxville,https://twitter.com/UTKnoxville
University of Arkansas,293,https://www.facebook.com/UofArkansas,https://twitter.com/UArkansas
Doane College,294,https://www.facebook.com/DoaneCollege,https://twitter.com/doanecollege
Asbury University,295,https://www.facebook.com/AsburyUniversity,https://twitter.com/asburyuniv
Touro College,296,https://www.facebook.com/WeAreTouro,https://twitter.com/wearetouro
University of Kansas,297,https://www.facebook.com/KU,https://twitter.com/KUnews
Cornell College,298,https://www.facebook.com/CornellCollege,https://twitter.com/CornellCollege
Simmons College,299,https://www.facebook.com/SimmonsCollege,https://twitter.com/simmonscollege
"Montana State University, Bozeman",300,https://www.facebook.com/montanastate,https://twitter.com/montanastate
Utah State University,301,https://www.facebook.com/UtahState,https://twitter.com/USUAggies
Master's College and Seminary,302,https://www.facebook.com/pages/MASTERS-COLLEGE-SEMINARY/229701161513,https://twitter.com/MastersCollege
Stevens Institute of Technology,303,https://www.facebook.com/Stevens1870,https://twitter.com/FollowStevens
Duquesne University,304,https://www.facebook.com/duquesneuniversityoftheholyspirit,https://twitter.com/duqedu
Quinnipiac University,305,https://www.facebook.com/QuinnipiacUniversity,https://twitter.com/QuinnipiacU
Lebanon Valley College,306,https://www.facebook.com/LebanonValleyCollege,https://twitter.com/lvc
University of Evansville,307,https://www.facebook.com/UniversityofEvansville,https://twitter.com/uevansville
Ripon College,308,https://www.facebook.com/ripon.college,https://twitter.com/riponcollege
Western Washington University,309,https://www.facebook.com/westernwashingtonuniversity?sk=wall,https://twitter.com/wwu
Colorado State University,310,https://www.facebook.com/coloradostateuniversity,https://twitter.com/ColoradoStateU
Albion College,311,https://www.facebook.com/albioncollege,https://twitter.com/albioncollege
Loyola University Chicago,312,https://www.facebook.com/LoyolaChicago,https://twitter.com/LoyolaChicago
Goshen College,313,https://www.facebook.com/goshencollege,https://twitter.com/goshencollege
Spelman College,314,https://www.facebook.com/SpelmanCollege,https://twitter.com/SpelmanCollege
Houghton College,315,https://www.facebook.com/HoughtonCollege,https://twitter.com/houghtoncollege
Union University,316,https://www.facebook.com/UnionUniversity,https://twitter.com/unionuniversity
Ouachita Baptist University,317,https://www.facebook.com/ouachita,https://twitter.com/ouachita
Nebraska Wesleyan University,318,https://www.facebook.com/NebraskaWesleyan,https://twitter.com/NEWesleyan
Susquehanna University,319,https://www.facebook.com/SusquehannaU,https://twitter.com/susquehannau
DePaul University,320,https://www.facebook.com/DePaulUniversity,https://twitter.com/depaulu
Chapman University,321,https://www.facebook.com/ChapmanUniversity,https://twitter.com/chapmanu
Xavier University,322,https://www.facebook.com/xavieruniversity,https://twitter.com/XavierUniv
Oregon State University,323,https://www.facebook.com/osubeavers,https://twitter.com/oregonstateuniv
Marist College,324,https://www.facebook.com/marist,https://twitter.com/marist
Wesleyan College,325,https://www.facebook.com/pages/Wesleyan-College-First-For-Women/53321571759,https://twitter.com/wesleyancollege
Seattle Pacific University,326,https://www.facebook.com/seattle.pacific.university,https://twitter.com/spunews
Drexel University,327,https://www.facebook.com/drexeluniv?sk=wall,https://twitter.com/drexeluniv
"University of Northwestern, St. Paul",328,https://www.facebook.com/universityofnorthwestern,https://twitter.com/northwesternmn
Drew University,329,https://www.facebook.com/DrewUniversity,https://twitter.com/drewuniversity
Siena College,330,https://www.facebook.com/sienacollege?sk=wall,https://twitter.com/sienacollege
Seton Hall University,331,https://www.facebook.com/setonhall,https://twitter.com/setonhall
Northwestern College,332,https://www.facebook.com/NorthwesternCol,https://twitter.com/nwciowa
Millsaps College,333,https://www.facebook.com/millsapscollege,https://twitter.com/millsapscollege
Erskine College,334,https://www.facebook.com/Erskine.ForeverConnected?ref=mf,https://twitter.com/erskinenews
University of Alabama,335,https://www.facebook.com/universityofalabama,https://twitter.com/UofAlabama
University of Kentucky,336,https://www.facebook.com/universityofky,https://twitter.com/universityofky
Marlboro College,337,https://www.facebook.com/marlborocollege?sk=wall,https://twitter.com/marlborocollege
"California State University, Fullerton",338,https://www.facebook.com/CSUFofficial,https://twitter.com/csuf
Coe College,339,https://www.facebook.com/CoeCollege,https://twitter.com/CoeCollege
New School,340,https://www.facebook.com/thenewschool,https://twitter.com/thenewschool
Biola University,341,https://www.facebook.com/Biola,https://twitter.com/biolau
Gordon College,342,https://www.facebook.com/GordonCollege,https://twitter.com/gordoncollege
Bethel University,343,https://www.facebook.com/bethelu,https://twitter.com/bethelu
La Salle University,344,https://www.facebook.com/lasalleuniversity?sk=wall,https://twitter.com/lasalleuniv
San Jose State University,345,https://www.facebook.com/sanjosestate,https://twitter.com/SJSU
"CUNY, Brooklyn College",346,https://www.facebook.com/pages/Brooklyn-College/111090580325,https://twitter.com/bklyncollege411
Saint John's College (NM),347,https://www.facebook.com/stjohnscollege,https://twitter.com/stjohnscollege
Messiah College,348,https://www.facebook.com/MessiahCollege,https://twitter.com/messiahcollege
Michigan Technological University,349,https://www.facebook.com/michigantech,https://twitter.com/michigantech
University of the Pacific,350,https://www.facebook.com/universityofthepacific,https://twitter.com/uopacific
"Brigham Young University, Idaho",351,https://www.facebook.com/BYUID?sk=wall,https://twitter.com/byuid
Eckerd College,352,https://www.facebook.com/eckerdcollege,https://twitter.com/eckerdcollege
Washington & Jefferson College,353,https://www.facebook.com/washjeff,https://twitter.com/wjcollege
"California State University, Long Beach",354,https://www.facebook.com/csulb,https://twitter.com/csulb
Wagner College,355,https://www.facebook.com/wagnercollege,https://twitter.com/wagnercollege
Berea College,356,https://www.facebook.com/bereacollege,https://twitter.com/bereacollege
Merrimack College,357,https://www.facebook.com/merrimackcollege,https://twitter.com/merrimack
"University of Maryland, Baltimore County",358,https://www.facebook.com/umbcpage,https://twitter.com/umbc
University of Mississippi,359,https://www.facebook.com/olemiss,https://twitter.com/OleMissRebels
Concordia College-Moorhead,360,https://www.facebook.com/concordiacollege,https://twitter.com/concordia_mn
"University of Illinois, Chicago",361,https://www.facebook.com/uic.edu,https://twitter.com/uicnews
Arizona State University,362,https://www.facebook.com/arizonastateuniversity,https://twitter.com/ASU
Hamline University,363,https://www.facebook.com/hamline,https://twitter.com/hamlineu
Franciscan University of Steubenville,364,https://www.facebook.com/FranciscanUniversity,https://twitter.com/franciscanu
Mississippi State University,365,https://www.facebook.com/msstate,https://twitter.com/msstate
Mount Saint Mary's College,366,https://www.facebook.com/msmcla,https://twitter.com/msmcla
Kansas State University,367,https://www.facebook.com/KState,https://twitter.com/kstate
George Fox University,368,https://www.facebook.com/georgefoxuniversity,https://twitter.com/georgefox
Oklahoma State University,369,https://www.facebook.com/pages/Oklahoma-State-University/39013362306,https://twitter.com/okstatenews
Washington State University,370,https://www.facebook.com/WSUPullman?rf=112254955456765,https://twitter.com/wsupullman
Rochester Institute of Technology,371,https://www.facebook.com/RITfb?ref=ts,https://twitter.com/rittigers
Central College,372,https://www.facebook.com/CentralCollege,https://twitter.com/centralcollege
"SUNY, Albany (University at Albany)",373,https://www.facebook.com/universityatalbany,https://twitter.com/ualbany
Randolph College,374,https://www.facebook.com/randolph.college,https://twitter.com/randolphcollege
William Jewell College,375,https://www.facebook.com/pages/William-Jewell-College/38684586543,https://twitter.com/williamjewell
Saint Vincent College,376,https://www.facebook.com/saintvincentcollege,https://twitter.com/mysaintvincent
Salisbury University,377,https://www.facebook.com/SalisburyU,https://twitter.com/salisburyu
Louisiana Tech University,378,https://www.facebook.com/latech,https://twitter.com/latech
New Mexico Institute of Mining and Technology,379,https://www.facebook.com/newmexicotech,https://twitter.com/newmexicotech
Appalachian State University,380,https://www.facebook.com/appalachianstateuniversity,https://twitter.com/appstate
Christopher Newport University,381,https://www.facebook.com/christophernewportuniversity,https://twitter.com/cnucaptains
Hollins University,382,https://www.facebook.com/HollinsUniversity?sk=wall,https://twitter.com/hollinsu
Birmingham-Southern College,383,https://www.facebook.com/birminghamsouthern,https://twitter.com/fromthehilltop
Towson University,384,https://www.facebook.com/towsonuniversity,https://twitter.com/towsonu
Morehouse College,385,https://www.facebook.com/Morehouse1867,https://twitter.com/Morehouse
Georgetown College,386,https://www.facebook.com/GeorgetownCollege,https://twitter.com/georgetowncoll
John Brown University,387,https://www.facebook.com/JohnBrownUniversity,https://twitter.com/johnbrownuniv
Missouri University of Science and Technology,388,https://www.facebook.com/MissouriSandT,https://twitter.com/missourisandt
University of Houston,389,https://www.facebook.com/universityofhouston,https://twitter.com/uhouston
"Saint Mary's University, San Antonio",390,https://www.facebook.com/StMarysU,https://twitter.com/stmarysu
University of Cincinnati,391,https://www.facebook.com/uofcincinnati,https://twitter.com/uofcincy
Bellarmine University,392,https://www.facebook.com/BellarmineU?ref=nf,https://twitter.com/bellarmineu
"SUNY, College at New Paltz",393,https://www.facebook.com/newpaltz,https://twitter.com/newpaltz
"CUNY, Lehman College",394,https://www.facebook.com/LehmanCUNY,https://twitter.com/lehmancollege
"California State University, Los Angeles",395,https://www.facebook.com/CalStateLA,https://twitter.com/calstatela
"University of Minnesota, Morris",396,https://www.facebook.com/ummorris,https://twitter.com/ummorris
Temple University,397,https://www.facebook.com/templeu,https://twitter.com/templeuniv
Stetson University,398,https://www.facebook.com/stetsonU,https://twitter.com/stetsonu
Howard University,399,https://www.facebook.com/howarduniversity,https://twitter.com/howardu
Saint Joseph's College,400,https://www.facebook.com/SJCNY,https://twitter.com/SJCNY
Berry College,401,https://www.facebook.com/berrycollege,https://twitter.com/berrycollege
Texas Tech University,402,https://www.facebook.com/TexasTechYou,https://twitter.com/texastech
Wisconsin Lutheran College,403,https://www.facebook.com/wisconsinlutheran,https://twitter.com/insidewlc
Simpson College,404,https://www.facebook.com/SimpsonCollege,https://twitter.com/simpsoncollege
University of Central Florida,405,https://www.facebook.com/UCF,https://twitter.com/ucf
Huntington University,406,https://www.facebook.com/HuntingtonUniversity,https://twitter.com/huntingtonu
Weber State University,407,https://www.facebook.com/WeberState,https://twitter.com/weberstateu
Dordt College,408,https://www.facebook.com/DordtCollege?sk=wall,https://twitter.com/dordtcollege
"California State University, San Bernardino",409,https://www.facebook.com/CSUSB,https://twitter.com/csusbnews
Le Moyne College,410,https://www.facebook.com/LeMoyne,https://twitter.com/lemoyne
North Dakota State University,411,https://www.facebook.com/ndsu.fargo,https://twitter.com/ndsu
Baldwin Wallace University,412,https://www.facebook.com/baldwinwallaceuniversity,https://twitter.com/baldwinwallace
Warren Wilson College,413,https://www.facebook.com/warrenwilsoncollege,https://twitter.com/wwcasheville
Marietta College,414,https://www.facebook.com/MariettaCollege,https://twitter.com/mariettacollege
Augustana College (SD),415,https://www.facebook.com/AugustanaCollegeSD,https://twitter.com/augustanasd
New Jersey Institute of Technology,416,https://www.facebook.com/NewJerseyInstituteofTechnology,https://twitter.com/njit
University of La Verne,417,https://www.facebook.com/pages/University-of-La-Verne/105589952808922,https://twitter.com/ulaverne
Adelphi University,418,https://www.facebook.com/AdelphiU,https://twitter.com/adelphiu
"California State University, Chico",419,https://www.facebook.com/CaliforniaStateUniversityChico,https://twitter.com/chicostate
Saint Mary's University of Minnesota,420,https://www.facebook.com/smumn,https://twitter.com/smumn
College of Charleston,421,https://www.facebook.com/collegeofcharleston,https://twitter.com/cofc
Florida Institute of Technology,422,https://www.facebook.com/FloridaInstituteofTechnology,https://twitter.com/floridatech
University of New Mexico,423,https://www.facebook.com/universityofnewmexico,https://twitter.com/unm
University of Rhode Island,424,https://www.facebook.com/universityofri,https://twitter.com/urinews
Roanoke College,425,https://www.facebook.com/roanoke,https://twitter.com/roanokecollege
"University of North Carolina, Wilmington",426,https://www.facebook.com/uncwilmington,https://twitter.com/uncwilmington
"CUNY, College of Staten Island",427,https://www.facebook.com/CollegeOfStatenIsland,https://twitter.com/csinews
"California State University, Fresno",428,https://www.facebook.com/FresnoState,https://twitter.com/fresno_state
Randolph-Macon College,429,https://www.facebook.com/RandolphMacon,https://twitter.com/RandolphMacon
"California State University, Sacramento",430,https://www.facebook.com/sacstate?ref=stream,https://twitter.com/sacstate
College of St. Scholastica,431,https://www.facebook.com/stscholastica,https://twitter.com/stscholastica
Clarke University,432,https://www.facebook.com/clarkeuniversity,https://twitter.com/clarkeu
University of New England,433,https://www.facebook.com/universityofnewengland?sk=wall,https://twitter.com/unetweets
Centenary College of Louisiana,434,https://www.facebook.com/CentenaryCollegeLa,https://twitter.com/centenaryla
University of South Florida,435,https://www.facebook.com/USouthFlorida,https://twitter.com/usouthflorida
Wheeling Jesuit University,436,https://www.facebook.com/wheelingjesuit,https://twitter.com/wheelingjesuit
Spring Hill College,437,https://www.facebook.com/sprhill?sk=wall,https://twitter.com/sprhill
University of Montana,438,https://www.facebook.com/umontana,https://twitter.com/umontana
Converse College,439,https://www.facebook.com/ConverseStudentLife?sk=wall,https://twitter.com/conversecollege
Ohio University,440,https://www.facebook.com/OhioUniversity,https://twitter.com/ohiou
Canisius College,441,https://www.facebook.com/canisiuscollege,https://twitter.com/canisiuscollege
"New Mexico State University, Las Cruces",442,https://www.facebook.com/newmexicostateuniversity,https://twitter.com/nmsu
West Virginia University,443,https://www.facebook.com/wvumountaineers,https://twitter.com/westvirginiau
Capital University,444,https://www.facebook.com/CapitalU,https://twitter.com/capital_u
"University of Maine, Orono",445,https://www.facebook.com/UniversityofMaine,https://twitter.com/umaine
"University of Wisconsin, Eau Claire",446,https://www.facebook.com/uweauclaire,https://twitter.com/uweauclaire
California Maritime Academy,447,https://www.facebook.com/californiamaritimeacademy,https://twitter.com/Cal_Maritime
North Greenville University,448,https://www.facebook.com/go2ngu,https://twitter.com/ngucrusaders
Sonoma State University,449,https://www.facebook.com/sonomastateuniversity,https://twitter.com/ssu_1961
"University of Hawaii, Manoa",450,https://www.facebook.com/uhmanoa,https://twitter.com/uhmanoanews
Hofstra University,451,https://www.facebook.com/hofstrauniversity,https://twitter.com/hofstrau
West Chester University of Pennsylvania,452,https://www.facebook.com/WCUPA?sk=wall,https://twitter.com/wcuofpa
Georgia State University,453,https://www.facebook.com/GeorgiaStateUniversity,https://twitter.com/georgiastateu
Azusa Pacific University,454,https://www.facebook.com/azusapacific,https://twitter.com/azusapacific
Roger Williams University,455,https://www.facebook.com/rogerwilliamsuniversity,https://twitter.com/myrwu
University of Idaho,456,https://www.facebook.com/uidaho,https://twitter.com/uidaho
Salem College,457,https://www.facebook.com/salemcollege,https://twitter.com/salemcollege
Carroll University,458,https://www.facebook.com/carroll.university,https://twitter.com/carrollu
Elmhurst College,459,https://www.facebook.com/ElmCol,https://twitter.com/elmhurstcollege
Virginia Commonwealth University,460,https://www.facebook.com/virginiacommonwealthuniversity,https://twitter.com/vcu
Hartwick College,461,https://www.facebook.com/HartwickCollege,https://twitter.com/hartwickcollege
Jackson State University,462,https://www.facebook.com/JacksonState,https://twitter.com/jacksonstateu
Maryville University of Saint Louis,463,https://www.facebook.com/MaryvilleUniversity,https://twitter.com/maryvilleu
San Francisco State University,464,https://www.facebook.com/sanfranciscostate,https://twitter.com/sfsu
"University of Massachusetts, Lowell",465,https://www.facebook.com/umlowell?sk=wall,https://twitter.com/umasslowell
"University of Alabama, Huntsville",466,https://www.facebook.com/UAHuntsville,https://twitter.com/uahuntsville
Immaculata University,467,https://www.facebook.com/Immaculata.University,https://twitter.com/immaculatau
Moravian College,468,https://www.facebook.com/MoravianCollege,https://twitter.com/moraviancollege
University of North Dakota,469,https://www.facebook.com/myUND,https://twitter.com/myund
Belmont University,470,https://www.facebook.com/BelmontUniversity,https://twitter.com/belmontuniv
King's College,471,https://www.facebook.com/kingscollegepa,https://twitter.com/kingscollege_pa
Milwaukee School of Engineering,472,https://www.facebook.com/milwaukeeschoolofengineering,https://twitter.com/msoe
Saint Edward's University,473,https://www.facebook.com/stedwardsuniversity,https://twitter.com/stedwardsu
Vanguard University of Southern California,474,https://www.facebook.com/vanguarduniversity,https://twitter.com/vanguardu
Lyon College,475,https://www.facebook.com/lyoncollege,https://twitter.com/lyoncollege
"California State University, Stanislaus",476,https://www.facebook.com/stanstate,https://twitter.com/csustan
Mercer University,477,https://www.facebook.com/MercerUniversity,https://twitter.com/merceryou
Illinois State University,478,https://www.facebook.com/IllinoisStateUniversity,https://twitter.com/illinoisstateu
Lycoming College,479,https://www.facebook.com/lycoming,https://twitter.com/lycomingcollege
"University of Nevada, Reno",480,https://www.facebook.com/UniversityofNevada,https://twitter.com/unevadareno
Saint John Fisher College,481,https://www.facebook.com/StJohnFisherCollege,https://twitter.com/fishernews
Hiram College,482,https://www.facebook.com/hiramcollege,https://twitter.com/hiramcollege
"CUNY, John Jay College Criminal Justice",483,https://www.facebook.com/JJC.CUNY?sk=wall,https://twitter.com/johnjaycollege
University of Northern Iowa,484,https://www.facebook.com/universityofnortherniowa,https://twitter.com/northerniowa
Oklahoma Baptist University,485,https://www.facebook.com/OklahomaBaptistUniversity,https://twitter.com/obunews
University of South Dakota,486,https://www.facebook.com/UniversityofSouthDakota,https://twitter.com/universitysd
"University of Alaska, Fairbanks",487,https://www.facebook.com/uafairbanks,https://twitter.com/uafairbanks
Saint Francis College,488,https://www.facebook.com/SFCNY,https://twitter.com/sfcny
"Fairleigh Dickinson University, Metropolitan Campus",489,https://www.facebook.com/fairleighdickinsonuniversity,https://twitter.com/fduwhatsnew
North Central College,490,https://www.facebook.com/NorthCentralCollege,https://twitter.com/northcentralcol
South Dakota State University,491,https://www.facebook.com/SouthDakotaStateUniversity,https://twitter.com/sdstate
Lynn University,492,https://www.facebook.com/LynnUniversity,https://twitter.com/lynnuniversity
"University of Colorado, Denver",493,https://www.facebook.com/UCDenver?sk=wall,https://twitter.com/cudenver
"University of Texas, Dallas",494,https://www.facebook.com/utdallas,https://twitter.com/ut_dallas
Oglethorpe University,495,https://www.facebook.com/oglethorpeuniversity,https://twitter.com/oglethorpeuniv
Western State Colorado University,496,https://www.facebook.com/WesternStateColoradoUniversity,https://twitter.com/wscumountaineer
Pace University,497,https://www.facebook.com/paceuniversity,https://twitter.com/paceuniversity
"University of North Carolina, Asheville",498,https://www.facebook.com/UNCAsheville,https://twitter.com/uncavl
Oregon Institute of Technology,499,https://www.facebook.com/0regonTech,https://twitter.com/oregontech
Hastings College,500,https://www.facebook.com/hastings.edu?ref=bf,https://twitter.com/hc_advantage
East Carolina University,501,https://www.facebook.com/EastCarolina,https://twitter.com/eastcarolina
Mary Baldwin College,502,https://www.facebook.com/marybaldwincollege,https://twitter.com/marybaldwincoll
University of North Florida,503,https://www.facebook.com/UofNorthFlorida,https://twitter.com/UofNorthFlorida
Rowan University,504,https://www.facebook.com/RowanUniversity,https://twitter.com/rowanuniversity
Old Dominion University,505,https://www.facebook.com/Old.Dominion.University,https://twitter.com/olddominionuniv
Otterbein University,506,https://www.facebook.com/OtterbeinU,https://twitter.com/otterbein
"California State University, Northridge",507,https://www.facebook.com/calstatenorthridge?ref=share,https://twitter.com/csunorthridge
"University of Alaska, Anchorage",508,https://www.facebook.com/UAAnchorage,https://twitter.com/uaanchorage
Richard Stockton College of New Jersey,509,https://www.facebook.com/richardstocktoncollege,https://twitter.com/stockton_edu
Elmira College,510,https://www.facebook.com/elmiracollege,https://twitter.com/elmiracollege
"University of Texas, El Paso",511,https://www.facebook.com/UTEPMiners,https://twitter.com/utepnews
Emory and Henry College,512,https://www.facebook.com/emoryandhenry?ref=share,https://twitter.com/emoryandhenry
Wells College,513,https://www.facebook.com/wellscollege,https://twitter.com/wellscollege
Montclair State University,514,https://www.facebook.com/MontclairStateUniversity,https://twitter.com/montclairstateu
Bethel College,515,https://www.facebook.com/Bethel.College,https://twitter.com/bethelcollegein
"University of Texas, Pan American",516,https://www.facebook.com/utpanamerican,https://twitter.com/utpa
Hood College,517,https://www.facebook.com/hoodcollege,https://twitter.com/hood_college
Alfred University,518,https://www.facebook.com/AlfredUniversity,https://twitter.com/alfredu
Guilford College,519,https://www.facebook.com/guilfordcollege,https://twitter.com/guilfordcollege
"SUNY, College at Oneonta",520,https://www.facebook.com/SUNYOneonta,https://twitter.com/suny_oneonta
Saint John's University (NY),521,https://www.facebook.com/stjohnsu,https://twitter.com/stjohnsu
Mississippi College,522,https://www.facebook.com/mississippicollege,https://twitter.com/misscollege
Florida Atlantic University,523,https://www.facebook.com/FloridaAtlantic,https://twitter.com/flaatlanticu
"University of North Carolina, Charlotte",524,https://www.facebook.com/UNCCharlotte,https://twitter.com/uncc
Oklahoma City University,525,https://www.facebook.com/oklahomacityuniversity,https://twitter.com/okcu
Abilene Christian University,526,https://www.facebook.com/abilenechristian,https://twitter.com/acuedu
Rider University,527,https://www.facebook.com/RiderUniversity,https://twitter.com/rideruniversity
"University of Alabama, Birmingham",528,https://www.facebook.com/UAB.edu,https://twitter.com/uabnews
"Embry-Riddle Aeronautical University, Daytona Beach",529,https://www.facebook.com/eraudb,https://twitter.com/embryriddle
Maryville College,530,https://www.facebook.com/MaryvilleCollege,https://twitter.com/maryvillec
"University of Massachusetts, Boston",531,https://www.facebook.com/umassboston,https://twitter.com/umassboston
Humboldt State University,532,www.facebook.com/Humboldt-State-University/,https://twitter.com/humboldtstate
Saint Catherine University,533,https://www.facebook.com/st.kates,https://twitter.com/stkate
University of the Ozarks,534,https://www.facebook.com/UOzarks,https://twitter.com/uozarks
Florida Southern College,535,https://www.facebook.com/FloridaSouthern,https://twitter.com/fscadmissions
"University of Colorado, Colorado Springs",536,https://www.facebook.com/pages/UCCS/243117181362,https://twitter.com/uccs
"California State University, East Bay",537,https://www.facebook.com/CalStateEastBay?ref=share,https://twitter.com/calstateeastbay
Farmingdale State College,538,https://www.facebook.com/farmingdale,https://twitter.com/farmingdalesc
Florida International University,539,https://www.facebook.com/floridainternational?sk=wall,https://twitter.com/fiu
Carthage College,540,https://www.facebook.com/carthagecollege,https://twitter.com/carthagecollege
Rhode Island College,541,https://www.facebook.com/rhodeislandcollege,https://twitter.com/ricnews
"University of Missouri, Saint Louis",542,https://www.facebook.com/UMSL.edu,https://twitter.com/umsl
Queens University of Charlotte,543,https://www.facebook.com/QueensUniversityofCharlotte,https://twitter.com/queensuniv
"University of North Carolina, Greensboro",544,https://www.facebook.com/uncg1891,https://twitter.com/uncg
Wilmington University,545,https://www.facebook.com/WilmingtonUniversity,https://twitter.com/thewilmu
Northern Arizona University,546,https://www.facebook.com/NAUFlagstaff,https://twitter.com/nau
Grand Valley State University,547,https://www.facebook.com/grandvalley,https://twitter.com/gvsu
University of Louisville,548,https://www.facebook.com/UniversityofLouisville,https://twitter.com/uofl
Alma College,549,https://www.facebook.com/almacollege?sk=wall,https://twitter.com/almacollege
Loyola University New Orleans,550,https://www.facebook.com/loyno?ref=ss,https://twitter.com/loyola_nola
Montana Tech of the University of Montana,551,https://www.facebook.com/pages/Montana-Tech-of-the-University-of-Montana/112710995409570,https://twitter.com/montana_tech
University of Hartford,552,https://www.facebook.com/universityofhartfordnews,https://twitter.com/uofhartford
University of Southern Mississippi,553,https://www.facebook.com/usm.edu?ref=share,https://twitter.com/southernmiss
Monmouth College,554,https://www.facebook.com/monmouthcollege,https://twitter.com/monmouth
Millikin University,555,https://www.facebook.com/millikinuniversity,https://twitter.com/millikinu
Utah Valley University,556,https://www.facebook.com/UVUwolverines,https://twitter.com/uvu
Southern Illinois University Edwardsville,557,https://www.facebook.com/siuedwardsville,https://twitter.com/siue
High Point University,558,https://www.facebook.com/HighPointU?sk=wall,https://twitter.com/highpointu
Andrews University,559,https://www.facebook.com/andrewsuniversity?sk=wall,https://twitter.com/andrewsuniv
Rocky Mountain College,560,https://www.facebook.com/pages/Rocky-Mountain-College/150421602788,https://twitter.com/rmcsoccer
Ball State University,561,https://www.facebook.com/ballstate,https://twitter.com/ballstate
Meredith College,562,https://www.facebook.com/MeredithCollege,https://twitter.com/meredithcollege
Oral Roberts University,563,https://www.facebook.com/OralRobertsUniversity,https://twitter.com/oralrobertsu
Portland State University,564,https://www.facebook.com/portlandstatefans,https://twitter.com/portland_state
"University of Nebraska, Omaha",565,https://www.facebook.com/unomaha,https://twitter.com/unomaha
Saint Cloud State University,566,https://www.facebook.com/stcloudstate,https://twitter.com/stcloudstate
Nova Southeastern University,567,https://www.facebook.com/NovaSoutheastern,https://twitter.com/novase
Webster University,568,https://www.facebook.com/websteru,https://twitter.com/websteru
Millersville University,569,https://www.facebook.com/millersvilleu,https://twitter.com/millersvilleu
Wichita State University,570,https://www.facebook.com/wichita.state,https://twitter.com/wichitastate
University of New Orleans,571,https://www.facebook.com/UniversityOfNewOrleans,https://twitter.com/uofno
"University of Louisiana, Lafayette",572,https://www.facebook.com/officialullafayette?sk=wall,https://twitter.com/ullafayette
Texas Woman's University,573,https://www.facebook.com/TexasWomansUniversity?ref=mf,https://twitter.com/twunews
Wayne State University,574,https://www.facebook.com/waynestateuniversity,https://twitter.com/waynestate
Missouri State University,575,https://www.facebook.com/missouristateu,https://twitter.com/missouristate
Western Kentucky University,576,https://www.facebook.com/WKUNews,https://twitter.com/wku
Carson-Newman University,577,https://www.facebook.com/cncollege,https://twitter.com/cneagles
Anderson University,578,https://www.facebook.com/andersonuniversity,https://twitter.com/andersonu
Albright College,579,https://www.facebook.com/AlbrightCollege,https://twitter.com/albrightcollege
Benedictine University,580,https://www.facebook.com/BenUPolice,https://twitter.com/benu1887
University of North Texas,581,https://www.facebook.com/northtexas,https://twitter.com/untnews
Ashland University,582,https://www.facebook.com/AshlandUniversity,https://twitter.com/ashland_univ
Barry University,583,https://www.facebook.com/barryuniversity,https://twitter.com/barryuniversity
Claflin University,584,https://www.facebook.com/ClaflinUniversity1869,https://twitter.com/claflinuniv1869
Western Michigan University,585,https://www.facebook.com/wmich,https://twitter.com/wmunews
"Southern Illinois University, Carbondale",586,https://www.facebook.com/SouthernIllinoisUniversityCarbondale,https://twitter.com/siuc
Sam Houston State University,587,https://www.facebook.com/samhoustonstate?sk=wall,https://twitter.com/samhoustonstate
Murray State University,588,https://www.facebook.com/murraystateuniversity,https://twitter.com/murraystateuniv
North Carolina A&T State University,589,https://www.facebook.com/ncatsuaggies,https://twitter.com/ncatsuaggies
Illinois College,590,https://www.facebook.com/illinoiscollege1829?ref=stream,https://twitter.com/ictrueblue
"University of Arkansas, Little Rock",591,https://www.facebook.com/ualr.edu,https://twitter.com/ualr
University of Mount Union,592,https://www.facebook.com/UniversityofMountUnion,https://twitter.com/mountunion
University of South Alabama,593,https://www.facebook.com/pages/University-of-South-Alabama/108065442554164,https://twitter.com/uofsouthalabama
Kent State University,594,https://www.facebook.com/kentstate,https://twitter.com/kentstate
Georgia Southern University,595,https://www.facebook.com/GeorgiaSouthern,https://twitter.com/georgiasouthern
Fort Lewis College,596,https://www.facebook.com/FortLewis,https://twitter.com/flcdurango
University of West Florida,597,https://www.facebook.com/WestFL,https://twitter.com/uwf
"University of Wisconsin, Milwaukee",598,https://www.facebook.com/UWMilwaukee,https://twitter.com/uwm
Catawba College,599,https://www.facebook.com/catawbacollege,https://twitter.com/catawbacollege
"University of Nevada, Las Vegas",600,https://www.facebook.com/OfficialUNLV,https://twitter.com/unlvnews
"University of Texas, Arlington",601,https://www.facebook.com/pages/The-University-of-Texas-at-Arlington/123889354300036,https://twitter.com/utarlington
Lamar University,602,https://www.facebook.com/LamarUniversity,https://twitter.com/lamaruniversity
Northern Illinois University,603,https://www.facebook.com/NorthernIllUniv,https://twitter.com/niulive
"Texas A&M University, Corpus Christi",604,https://www.facebook.com/islanduniversity,https://twitter.com/islandcampus
Russell Sage College,605,https://www.facebook.com/TheSageColleges,https://twitter.com/sage_edu
Idaho State University,606,https://www.facebook.com/idahostateu,https://twitter.com/idahostateu
"Indiana University-Purdue University, Indianapolis",607,https://www.facebook.com/IUPUI,https://twitter.com/iupui
Southeastern Louisiana University,608,https://www.facebook.com/southeastern,https://twitter.com/oursoutheastern
University of Memphis,609,https://www.facebook.com/uofmemphis,https://twitter.com/uofmemphis
University of Northern Colorado,610,https://www.facebook.com/universitynortherncolorado,https://twitter.com/unco_edu
University of Tampa,611,https://www.facebook.com/universityoftampa,https://twitter.com/uoftampa
Middle Tennessee State University,612,https://www.facebook.com/mtsublueraiders,https://twitter.com/mtsunews
Oakland University,613,https://www.facebook.com/GoldenGrizzlies,https://twitter.com/oaklandu
Florida Agricultural and Mechanical University,614,https://www.facebook.com/FAMU1887,https://twitter.com/famu_1887
"Texas State University, San Marcos",615,https://www.facebook.com/TXSTATEU,https://twitter.com/txst
"Minnesota State University, Mankato",616,https://www.facebook.com/MNStateMankato,https://twitter.com/mnsumankato
Stephen F. Austin State University,617,https://www.facebook.com/sfasu,https://twitter.com/sfasu
Christian Brothers University,618,https://www.facebook.com/ChristianBrothersUniversity,https://twitter.com/fromcbu
University of Akron,619,https://www.facebook.com/UniversityofAkron?sk=wall,https://twitter.com/uakron
Northern Kentucky University,620,https://www.facebook.com/nkuedu,https://twitter.com/nkuedu
Kennesaw State University,621,https://www.facebook.com/KennesawStateUniversity,https://twitter.com/kennesawstate
East Tennessee State University,622,https://www.facebook.com/easttennesseestateuniversity,https://twitter.com/etsu
Liberty University,623,https://www.facebook.com/LibertyUniversity,https://twitter.com/libertyu
Bowling Green State University,624,https://www.facebook.com/pages/Bowling-Green-State-University/26573965003,https://twitter.com/bgsu
Boise State University,625,https://www.facebook.com/BoiseStateLive,https://twitter.com/boisestatelive
Central Michigan University,626,https://www.facebook.com/cmich?ref=stream,https://twitter.com/cmuniversity
Western Illinois University,627,https://www.facebook.com/wiu.edu,https://twitter.com/wiunews
University of Toledo,628,https://www.facebook.com/utoledo?ref=nf,https://twitter.com/utoledo
Indiana University of Pennsylvania,629,https://www.facebook.com/iupedu,https://twitter.com/iupedu
Troy University,630,https://www.facebook.com/TroyUniversity,https://twitter.com/troyunews
"Texas A&M University, Kingsville",631,https://www.facebook.com/javelinas,www.twitter.com/javelinanation
Tuskegee University,632,https://www.facebook.com/TUSKEGEEUNIVERSITY,https://twitter.com/tuskegeeuniv
Wright State University,633,https://www.facebook.com/WrightStateUniversity,https://twitter.com/wrightstate
Coastal Carolina University,634,https://www.facebook.com/CoastalCarolinaUniversity,https://twitter.com/ccuchanticleers
"University of Missouri, Kansas City",635,https://www.facebook.com/UMKansasCity?ref=bf,https://twitter.com/umkansascity
Eastern Michigan University,636,https://www.facebook.com/Eastern.Michigan.University,https://twitter.com/emu_swoop
University of Central Oklahoma,637,https://www.facebook.com/uco.bronchos,https://twitter.com/ucobronchos
Metropolitan State University of Denver,638,https://www.facebook.com/msudenver,https://twitter.com/msudenver
Columbia College Chicago,639,https://www.facebook.com/columbiacollegechicago,https://twitter.com/columbiachi
Youngstown State University,640,https://www.facebook.com/youngstownstate?sk=wall,https://twitter.com/youngstownstate
"University of Texas, San Antonio",641,https://www.facebook.com/utsa,https://twitter.com/utsa
Colorado Mesa University,642,https://www.facebook.com/ColoradoMesaU,https://twitter.com/coloradomesau
Tennessee State University,643,https://www.facebook.com/Tennessee.State.University,https://twitter.com/tsuedu
"Texas A&M University, Commerce",644,https://www.facebook.com/tamuc,https://twitter.com/tamuc
Eastern Kentucky University,645,https://www.facebook.com/EasternKentuckyUniversity,https://twitter.com/newseku
Cleveland State University,646,https://www.facebook.com/clevelandstateuniversity,https://twitter.com/engagecsu
Indiana State University,647,https://www.facebook.com/IndianaState?sk=wall,https://twitter.com/indianastate
Morgan State University,648,https://www.facebook.com/morganstateu,https://twitter.com/morganstateu
Texas Southern University,649,https://www.facebook.com/texassouthernuniversity?rf=108117909215545,https://twitter.com/texassouthern
Johnson & Wales University,650,https://www.facebook.com/johnsonandwales,https://twitter.com/jwuprovidence
