St. John's College (Annapolis)	(410) 263-2371
New Jersey City University (Jersey City)	(201) 200-2000
Stevens Institute of Technology (Hoboken)	(201) 216-5000
Bergen Community College (Paramus)	(201) 447-7100
Felician College (Lodi)	(201) 559-6000
Ramapo College (Mahwah)	(201) 684-7500
Fairleigh Dickinson University (Teaneck)	(201) 692-2000
Saint Peter's University (Jersey City)	(201) 761-6000
University of the District of Columbia (Washington, D.C.)	(202) 274-5000
The Catholic University of America (Washington, D.C.)	(202) 319-5000
Dominican House of Studies (Washington, D.C.)	(202) 529-5300
Gallaudet University (Washington, D.C.)	(202) 651-5000
Theological College	(202) 756-4900
Howard University (Washington, D.C.)	(202) 806-6100
Trinity Washington University (Washington, D.C.)	(202) 884-9000
American University (Washington, D.C.)	(202) 885-1000
Georgetown University (Washington, D.C.)	(202) 965-1217
George Washington University (Washington, D.C.)	(202) 994-1000
Fairfield University (Fairfield)	(203) 254-4000
Sacred Heart University (Fairfield)	(203) 371-7999
Southern Connecticut State University (New Haven)	(203) 392-7278
Yale University	(203) 432-4771
Quinnipiac University (Hamden)	(203) 582-8200
University of New Haven (West Haven)	(203) 932-7000
Birmingham–Southern College (Birmingham)	(205) 226-4600
University of Alabama (Tuscaloosa)	(205) 348-6010
Stillman College (Tuscaloosa)	(205) 349-4240
University of West Alabama (Livingston)	(205) 652-3400
University of Montevallo (Montevallo)	(205) 665-6000
Samford University (Birmingham)	(205) 726-2011
Lawson State Community College	(205) 925-2515
Miles College (Fairfield)	(205) 929-1000
University of Alabama at Birmingham (Birmingham)	(205) 934-1111
UAB School of Dentistry (Birmingham)	(205) 934-3000
Jefferson State Community College (Birmingham)	(205) 983-5911
Seattle Pacific University (Seattle)	(206) 281-2000
Seattle University (Seattle)	(206) 296-6000
Seattle University School of Law	(206) 398-4000
University of Washington	(206) 543-2100
Cornish College of the Arts (Seattle)	(206) 726-5151
North Seattle College (Seattle)	(206) 934-3600
Seattle Central College (Seattle)	(206) 934-3800
University of Maine at Machias (Machias)	(207) 255-1200
University of New England	(207) 283-0171
Maine Maritime Academy (Castine)	(207) 326-4311
Unity College (Unity)	(207) 509-7100
University of Maine (Orono)	(207) 581-1110
University of Maine at Augusta (Augusta)	(207) 621-3000
Bowdoin College (Brunswick)	(207) 725-3000
Southern Maine Community College (South Portland)	(207) 741-5500
University of Maine at Presque Isle (Presque Isle)	(207) 768-9400
Maine College of Art (Portland)	(207) 775-3052
Bates College (Lewiston)	(207) 786-6255
Thomas College (Waterville)	(207) 859-1111
Colby College (Waterville)	(207) 859-4000
Saint Joseph's College of Maine (Standish)	(207) 892-6766
Husson University (Bangor)	(207) 941-7000
Eastern Maine Community College (Bangor)	(207) 974-4600
Idaho State University (Pocatello)	(208) 282-0211
Boise State University (Boise)	(208) 426-1000
College of Idaho (Caldwell)	(208) 459-5011
Northwest Nazarene University (Nampa)	(208) 467-8011
Brigham Young University–Idaho (Rexburg)	(208) 496-1411
Eastern Idaho Technical College (Idaho Falls)	(208) 524-3000
College of Western Idaho (Nampa)	(208) 562-3000
College of Southern Idaho (Twin Falls)	(208) 733-9554
North Idaho College (Coeur d'Alene)	(208) 769-3300
Lewis–Clark State College (Lewiston)	(208) 792-5272
University of Idaho (Moscow)	(208) 885-6111
University of California, Merced (Merced)	(209) 228-4400
Merced College (Merced)	(209) 384-6000
Modesto Junior College (Modesto)	(209) 575-6550
Columbia College (Columbia)	(209) 588-5100
California State University, Stanislaus (Turlock)	(209) 667-3122
University of the Pacific (Stockton)	(209) 946-2285
San Joaquin Delta College (Stockton)	(209) 954-5151
Our Lady of the Lake University (San Antonio)	(210) 434-6711
St. Mary's University, Texas (San Antonio)	(210) 436-3011
University of Texas at San Antonio (San Antonio)	(210) 458-4011
San Antonio College (San Antonio)	(210) 486-0000
St. Philip's College (San Antonio)	(210) 486-2000
Palo Alto College (San Antonio)	(210) 486-3000
Northwest Vista College (San Antonio)	(210) 486-4000
University of Texas Health Science Center at San Antonio (San Antonio)	(210) 567-7000
Texas A&M University–San Antonio (San Antonio)	(210) 784-1000
University of the Incarnate Word (San Antonio)	(210) 829-6000
Trinity University (San Antonio)	(210) 999-7011
Fashion Institute of Technology (New York City)	(212) 217-7999
Borough of Manhattan Community College (New York City)	(212) 220-8000
The New School (New York City)	(212) 229-5108
The New School for Public Engagement (New York City)	(212) 229-5108
The New School for Drama (New York City)	(212) 229-5859
John Jay College of Criminal Justice (New York City)	(212) 237-8000
New York Institute of Technology (Old Westbury)	(212) 261-1500
Pace University (New York City)	(212) 346-1200
Cooper Union (New York City)	(212) 353-4100
Touro College of Osteopathic Medicine (New York City)	(212) 463-0400
Marymount Manhattan College	(212) 517-0430
School of Visual Arts (New York City)	(212) 592-2000
City College of New York (New York City)	(212) 650-7000
The King's College (New York City)	(212) 659-7200
Teachers College, Columbia University (New York City)	(212) 678-3000
Hunter College (New York City)	(212) 772-4000
The Graduate Center, CUNY (New York City)	(212) 817-7000
Columbia University	(212) 854-1754
Barnard College (New York City)	(212) 854-5262
Columbia Business School (New York City)	(212) 854-5553
Yeshiva University (New York City)	(212) 960-5400
New York University (New York City)	(212) 998-1212
Southern California Institute of Architecture (Los Angeles)	(213) 613-2200
University of Southern California (Los Angeles)	(213) 740-2311
Los Angeles Trade–Technical College (Los Angeles)	(213) 763-7000
Dallas Baptist University (Dallas)	(214) 333-7100
University of Texas Southwestern Medical Center (Dallas)	(214) 645-3300
Southern Methodist University (Dallas)	(214) 768-2000
Dallas Theological Seminary (Dallas)	(214) 887-5000
Temple University (Philadelphia)	(215) 204-7000
Chestnut Hill College (Philadelphia)	(215) 248-7001
Delaware Valley College (Doylestown)	(215) 345-1500
Arcadia University	(215) 572-2900
Holy Family University (Philadelphia)	(215) 637-7700
Gwynedd Mercy University (Gwynedd Valley)	(215) 646-7300
Episcopal School of Nursing (Philadelphia)	(215) 707-1200
Community College of Philadelphia (Philadelphia)	(215) 751-8000
Philadelphia College of Osteopathic Medicine (Philadelphia)	(215) 871-6100
Penn State Abington (Abington Township)	(215) 881-7600
Drexel University (Philadelphia)	(215) 895-2000
University of Pennsylvania (Philadelphia)	(215) 898-5000
La Salle University (Philadelphia)	(215) 951-1000
Philadelphia University (Philadelphia)	(215) 951-2700
Thomas Jefferson University (Philadelphia)	(215) 955-6000
Case Western Reserve University (Cleveland)	(216) 368-2000
Notre Dame College (South Euclid)	(216) 381-1680
John Carroll University (University Heights)	(216) 397-1886
Cleveland State University (Cleveland)	(216) 687-2000
University of Illinois at Springfield (Springfield)	(217) 206-6600
Quincy University (Quincy)	(217) 222-8020
Illinois College (Jacksonville)	(217) 245-3000
University of Illinois at Urbana–Champaign	(217) 333-1000
Millikin University (Decatur)	(217) 424-6211
MacMurray College (Jacksonville)	(217) 479-7000
Eastern Illinois University (Charleston)	(217) 581-5000
Lincoln Land Community College (Springfield)	(217) 786-2200
Blackburn College (Carlinville)	(217) 854-3231
University of Minnesota Crookston (Crookston)	(218) 281-6510
Concordia College (Moorhead)	(218) 299-4000
Morehead State University (Morehead)	(218) 477-4000
The College of St. Scholastica (Duluth)	(218) 723-6000
University of Minnesota Duluth (Duluth)	(218) 726-8000
Lake Superior College (Duluth)	(218) 733-7600
Bemidji State University (Bemidji)	(218) 755-2001
Northland Community & Technical College (East Grand Forks)	(218) 793-2800
Valparaiso University (Valparaiso)	(219) 464-5000
Calumet College of St. Joseph (Whiting)	(219) 473-7770
Purdue University North Central (Westville)	(219) 785-5200
Saint Joseph's College (Rensselaer)	(219) 866-6000
Purdue University Calumet (Hammond)	(219) 989-2400
Baton Rouge Community College (Baton Rouge)	(225) 216-8000
Louisiana Technical College (Baton Rouge)	(225) 359-9201
Louisiana State University (Baton Rouge)	(225) 578-3202
Our Lady of the Lake College (Baton Rouge)	(225) 768-1700
Southern University and A&M College (Baton Rouge)	(225) 771-4500
Valdosta State University (Valdosta)	(229) 333-5800
Albany State University (Albany)	(229) 430-4600
Georgia Southwestern State University (Americus)	(229) 928-1273
Ferris State University (Big Rapids)	(231) 591-2000
Muskegon Community College (Muskegon)	(231) 773-9131
Great Lakes Maritime Academy (Traverse City)	(231) 995-1200
Ave Maria University (Ave Maria)	(239) 280-2500
Florida Gulf Coast University (Fort Myers)	(239) 590-1000
Hagerstown Community College (Hagerstown)	(240) 500-2000
St. Mary's College of Maryland (St. Mary's City)	(240) 895-2000
Lawrence Technological University (Southfield)	(248) 204-4000
Rochester College (Rochester Hills)	(248) 218-2000
Oakland Community College (Bloomfield Hills)	(248) 246-2400
Oakland University (Rochester)	(248) 370-2100
Spring Hill College (Mobile)	(251) 380-4000
Bishop State Community College (Mobile)	(251) 405-7000
University of South Alabama (Mobile)	(251) 460-6101
Faulkner State Community College (Bay Minette)	(251) 580-2100
University of Mobile (Mobile)	(251) 675-5990
East Carolina University (Greenville)	(252) 328-6131
Chowan University (Murfreesboro)	(252) 398-6500
Pitt Community College (Winterville)	(252) 493-7200
North Carolina Wesleyan College (Rocky Mount)	(252) 985-5100
Pacific Lutheran University (Tacoma)	(253) 535-7411
Tacoma Community College (Tacoma)	(253) 566-5000
University of Washington Tacoma (Tacoma)	(253) 692-4000
University of Puget Sound (Tacoma)	(253) 879-3100
University of Mary Hardin–Baylor (Belton)	(254) 295-8642
Baylor University (Waco)	(254) 710-1011
Texas State Technical College System (Waco)	(254) 799-3611
Tarleton State University (Stephenville)	(254) 968-9000
Athens State University (Athens)	(256) 233-8100
Calhoun Community College (Tanner)	(256) 306-2500
Talladega College (Talladega)	(256) 362-0206
Alabama Agricultural and Mechanical University (Huntsville)	(256) 372-5000
J. F. Drake State Technical College	(256) 539-8161
Oakwood University (Huntsville)	(256) 726-7000
University of North Alabama (Florence)	(256) 765-4100
Jacksonville State University (Jacksonville)	(256) 782-5781
University of Alabama in Huntsville (Huntsville)	(256) 824-1000
Huntington University (Huntington)	(260) 356-6000
University of Saint Francis (Fort Wayne)	(260) 399-7999
Indiana University – Purdue University Fort Wayne (Fort Wayne)	(260) 481-6100
Manchester University (North Manchester)	(260) 982-5000
Concordia University Wisconsin (Mequon)	(262) 243-5700
University of Wisconsin–Whitewater (Whitewater)	(262) 472-1234
University of Wisconsin–Waukesha (Waukesha)	(262) 521-5200
Carroll University (Waukesha)	(262) 524-7373
Carthage College (Kenosha)	(262) 551-8500
University of Wisconsin–Parkside (Kenosha)	(262) 595-2345
Waukesha County Technical College (Pewaukee)	(262) 691-5566
Kalamazoo College (Kalamazoo)	(269) 337-7000
Western Michigan University (Kalamazoo)	(269) 387-1000
Kalamazoo Valley Community College (Kalamazoo)	(269) 488-4400
Olivet College (Olivet)	(269) 749-7635
Lake Michigan College (Benton Harbor)	(269) 927-1000
Kellogg Community College (Battle Creek)	(269) 965-3931
Lindsey Wilson College (Columbia)	(270) 384-2126
West Kentucky Community and Technical College (Paducah)	(270) 554-9200
Brescia University (Owensboro)	(270) 686-4338
Owensboro Community and Technical College (Owensboro)	(270) 686-4400
Western Kentucky University (Bowling Green)	(270) 745-0111
Elizabethtown Community and Technical College (Elizabethtown)	(270) 769-2371
Campbellsville University (Campbellsville)	(270) 789-5000
Murray State University (Murray)	(270) 809-3011
Madisonville Community College (Madisonville)	(270) 821-2250
Southcentral Kentucky Community and Technical College (Bowling Green)	(270) 901-1000
Kentucky Wesleyan College (Owensboro)	(270) 926-3111
Emory and Henry College	(276) 944-4121
University of Houston–Clear Lake (Houston)	(281) 283-7600
Lone Star College–North Harris (Houston)	(281) 618-5400
Houston Baptist University (Houston)	(281) 649-3000
University of Maryland, College Park (College Park)	(301) 405-1000
Mount St. Mary's University (Emmitsburg)	(301) 447-6122
Hood College (Frederick)	(301) 663-3131
Frostburg State University (Frostburg)	(301) 687-4000
Frederick Community College (Frederick)	(301) 846-2400
Bowie State University (Bowie)	(301) 860-4000
Washington Adventist University (Takoma Park)	(301) 891-4000
College of Southern Maryland (La Plata)	(301) 934-2251
Delaware Technical Community College (Dover)	(302) 259-6000
Wilmington University (New Castle)	(302) 356-4636
Dawn Career Institute (Wilmington)	(302) 633-9075
Wesley College (Dover)	(302) 736-2300
University of Delaware (Newark)	(302) 831-2792
Delaware State University (Dover)	(302) 857-6060
Goldey–Beacom College (Wilmington)	(302) 998-8814
Johnson & Wales University-Denver (Denver)	(303) 256-9300
Colorado School of Mines (Golden)	(303) 273-3000
Community College of Aurora (Aurora)	(303) 360-4700
Front Range Community College (Westminster)	(303) 404-5000
Regis University (Denver)	(303) 458-4126
University of Colorado Boulder (Boulder)	(303) 492-1411
University of Colorado Denver (Denver)	(303) 556-2400
Community College of Denver (Denver)	(303) 556-2600
Metropolitan State University of Denver (Denver)	(303) 556-5740
Iliff School of Theology (Denver)	(303) 744-1287
Arapahoe Community College (Littleton)	(303) 797-4222
University of Denver (Denver)	(303) 871-2000
Red Rocks Community College (Lakewood)	(303) 914-6600
Colorado Christian University (Lakewood)	(303) 963-3000
West Virginia Northern Community College (Wheeling)	(304) 233-5900
West Virginia University (Morgantown)	(304) 293-0111
West Virginia University School of Dentistry (Morgantown)	(304) 293-2841
Salem International University (Salem)	(304) 326-1109
West Liberty University (West Liberty)	(304) 336-5000
West Virginia University at Parkersburg (Parkersburg)	(304) 424-8000
West Virginia University Institute of Technology (Montgomery)	(304) 442-1000
Alderson Broaddus University (Philippi)	(304) 457-1700
Glenville State College (Glenville)	(304) 462-7361
West Virginia Wesleyan College (Buckhannon)	(304) 473-8000
Davis & Elkins College (Elkins)	(304) 637-1900
West Virginia State University (Institute)	(304) 766-3000
Potomac State College of West Virginia University (Keyser)	(304) 788-6820
Bethany College (Bethany)	(304) 829-7000
Shepherd University (Shepherdstown)	(304) 876-5000
Miami Dade College (Miami)	(305) 237-3000
New World School of the Arts (Miami)	(305) 237-3135
University of Miami (Coral Gables)	(305) 284-2211
Florida International University (Miami)	(305) 348-2000
Florida Memorial University (Miami Gardens)	(305) 626-3600
Johnson & Wales University-Florida Campus (North Miami)	(305) 892-7000
Barry University (Miami Shores)	(305) 899-3000
Casper College (Casper)	(307) 268-2100
Wyoming Catholic College (Lander)	(307) 332-2930
Western Wyoming Community College (Rock Springs)	(307) 382-1600
Sheridan College (Sheridan)	(307) 674-6446
University of Wyoming (Laramie)	(307) 766-1121
Laramie County Community College (Cheyenne)	(307) 778-5222
Central Wyoming College (Riverton)	(307) 855-2000
Central Community College (Grand Island)	(308) 398-4222
Chadron State College (Chadron)	(308) 432-6000
University of Nebraska at Kearney (Kearney)	(308) 865-8441
Heartland Community College (Normal)	(309) 268-8000
Western Illinois University (Macomb)	(309) 298-1414
Knox College (Galesburg)	(309) 341-7000
Carl Sandburg College (Galesburg)	(309) 344-2518
Illinois State University (Normal)	(309) 438-2111
Monmouth College (Monmouth)	(309) 457-2345
Illinois Wesleyan University (Bloomington)	(309) 556-1000
Spoon River College (Canton)	(309) 647-4645
Bradley University (Peoria)	(309) 676-7611
Illinois Central College (East Peoria)	(309) 694-5422
Augustana College (Rock Island)	(309) 794-7000
Black Hawk College (Moline)	(309) 796-5000
California State University, Dominguez Hills (Carson)	(310) 243-3696
Marymount California University (Rancho Palos Verdes)	(310) 303-7311
Loyola Marymount University (Los Angeles)	(310) 338-2700
Santa Monica College (Santa Monica)	(310) 434-4000
Pepperdine University (Malibu)	(310) 506-4000
University of California, Los Angeles (Los Angeles)	(310) 825-4321
The Illinois Institute of Art - Chicago (Chicago)	(312) 280-3500
Tribeca Flashpoint Media Arts Academy (Chicago)	(312) 332-0707
Roosevelt University (Chicago)	(312) 341-3500
DePaul University (Chicago)	(312) 362-8000
Columbia College Chicago (Chicago)	(312) 369-1000
John Marshall Law School (Chicago)	(312) 427-2737
Harold Washington College (Chicago)	(312) 553-5600
Illinois Institute of Technology (Chicago)	(312) 567-3000
IIT Institute of Design (Chicago)	(312) 595-4900
School of the Art Institute of Chicago (Chicago)	(312) 629-6100
University of Illinois at Chicago	(312) 996-4350
UIC College of Pharmacy	(312) 996-7242
Wayne State University (Detroit)	(313) 577-2424
Henry Ford College (Dearborn)	(313) 845-9600
Sacred Heart Major Seminary (Detroit)	(313) 883-8500
Wayne County Community College District (Detroit)	(313) 943-4000
University of Detroit Mercy (Detroit)	(313) 993-1245
Harris–Stowe State University (St. Louis)	(314) 340-3366
Missouri Baptist University (St. Louis)	(314) 434-1115
Covenant Theological Seminary (St. Louis)	(314) 434-4044
Concordia Seminary (St. Louis)	(314) 505-7000
University of Missouri–St. Louis (St. Louis)	(314) 516-5000
Maryville University (St. Louis)	(314) 529-9350
St. Louis Community College (St. Louis)	(314) 539-5000
Fontbonne University (St. Louis)	(314) 862-3456
Washington University in St. Louis (St. Louis)	(314) 935-5000
Webster University (Webster Groves)	(314) 968-6900
St. Louis Community College–Meramec (St. Louis)	(314) 984-7500
Colgate University (Hamilton)	(315) 228-7000
St. Lawrence University (Canton)	(315) 229-5011
Cayuga Community College (Auburn)	(315) 255-1743
Clarkson University (Potsdam)	(315) 268-6400
Keuka College	(315) 279-5000
State University of New York at Oswego (Oswego)	(315) 312-2500
State University of New York at Canton	(315) 386-7011
Syracuse University (Syracuse)	(315) 443-1870
Le Moyne College (Syracuse)	(315) 445-4100
State University of New York Upstate Medical University (Syracuse)	(315) 464-5540
State University of New York College of Environmental Science and Forestry (Syracuse)	(315) 470-6500
Onondaga Community College (Syracuse)	(315) 498-2622
Cazenovia College (Cazenovia)	(315) 655-7208
Morrisville State College (Morrisville)	(315) 684-6000
Hobart and William Smith Colleges (Geneva)	(315) 781-3000
Utica College (Utica)	(315) 792-3006
State University of New York Polytechnic Institute	(315) 792-7500
Hamilton College (Clinton)	(315) 859-4011
Friends University (Wichita)	(316) 295-5000
Butler Community College (El Dorado)	(316) 321-2222
Wichita Area Technical College (Wichita)	(316) 677-9400
Newman University, Wichita (Wichita)	(316) 942-4291
Wichita State University (Wichita)	(316) 978-3456
Indiana University – Purdue University Indianapolis (Indianapolis)	(317) 274-2548
Indiana University School of Medicine (Indianapolis)	(317) 274-3772
Indiana University Robert H. McKinney School of Law (Indianapolis)	(317) 423-0710
University of Indianapolis (Indianapolis)	(317) 788-3368
Butler University (Indianapolis)	(317) 940-8000
Marian University (Indianapolis)	(317) 955-6000
Grambling State University (Grambling)	(318) 247-3811
Louisiana Tech University (Ruston)	(318) 257-2000
University of Louisiana at Monroe (Monroe)	(318) 342-1000
Northwestern State University (Natchitoches)	(318) 357-6011
Louisiana College (Pineville)	(318) 487-7011
Southern University at Shreveport (Shreveport)	(318) 670-6000
LSU Health Sciences Center Shreveport (Shreveport)	(318) 675-5000
Bossier Parish Community College (Bossier City)	(318) 678-6000
Louisiana State University in Shreveport (Shreveport)	(318) 797-5000
Hawkeye Community College (Waterloo)	(319) 234-5745
University of Northern Iowa (Cedar Falls)	(319) 273-2311
University of Iowa (Iowa City)	(319) 335-3500
Roy J. and Lucille A. Carver College of Medicine	(319) 335-8435
Mount Mercy University (Cedar Rapids)	(319) 363-8213
Kirkwood Community College (Cedar Rapids)	(319) 398-5411
Coe College (Cedar Rapids)	(319) 399-8000
Cornell College (Mount Vernon)	(319) 895-4000
St. Cloud State University (St. Cloud)	(320) 308-0121
College of Saint Benedict (St. Joseph)	(320) 363-2011
University of Minnesota Morris (Morris)	(320) 589-6035
Florida Institute of Technology (Melbourne)	(321) 674-8000
Occidental College (Los Angeles)	(323) 259-2500
East Los Angeles College (Monterey Park)	(323) 265-8650
California State University, Los Angeles (Los Angeles)	(323) 343-3000
Touro College Los Angeles (West Hollywood)	(323) 822-9700
Los Angeles City College (Los Angeles)	(323) 953-4000
Howard Payne University (Brownwood)	(325) 649-8020
Hardin–Simmons University (Abilene)	(325) 670-1000
Abilene Christian University (Abilene)	(325) 674-2000
McMurry University (Abilene)	(325) 793-3800
Angelo State University (San Angelo)	(325) 942-2555
College of Wooster (Wooster)	(330) 263-2000
Northeast Ohio Medical University (Rootstown Township)	(330) 325-2511
Stark State College (North Canton)	(330) 494-6170
Kent State University at Stark (North Canton)	(330) 499-9600
Hiram College (Hiram)	(330) 569-5169
Kent State University (Kent)	(330) 672-3000
Youngstown State University (Youngstown)	(330) 941-3000
University of Akron (Akron)	(330) 972-7111
Alabama State University (Montgomery)	(334) 229-4100
Auburn University at Montgomery (Montgomery)	(334) 244-3000
Faulkner University (Montgomery)	(334) 272-5820
Tuskegee University (Tuskegee)	(334) 727-8011
Huntingdon College (Montgomery)	(334) 833-4497
Auburn University (Auburn)	(334) 844-4000
Wallace Community College (Dothan)	(334) 983-3521
Greensboro College (Greensboro)	(336) 272-7102
Elon University (Elon)	(336) 278-2000
Guilford College (Greensboro)	(336) 316-2000
Guilford Technical Community College (Jamestown)	(336) 334-4822
University of North Carolina at Greensboro (Greensboro)	(336) 334-5000
North Carolina Agricultural and Technical State University (Greensboro)	(336) 334-7500
Bennett College (Greensboro)	(336) 517-2100
Salem College (Winston-Salem)	(336) 721-2600
Forsyth Technical Community College (Winston-Salem)	(336) 723-0371
Winston-Salem State University (Winston-Salem)	(336) 750-2000
Wake Forest University (Winston-Salem)	(336) 758-5000
University of North Carolina School of the Arts (Winston-Salem)	(336) 770-3399
McNeese State University (Lake Charles)	(337) 475-5000
University of Louisiana at Lafayette (Lafayette)	(337) 482-1000
South Louisiana Community College (Lafayette)	(337) 521-9000
University of Florida (Gainesville)	(352) 392-3261
Santa Fe College (Gainesville)	(352) 395-5000
Pasco–Hernando State College (New Port Richey)	(352) 567-6701
Saint Leo University (St. Leo)	(352) 588-8200
Whatcom Community College (Bellingham)	(360) 383-3000
Skagit Valley College (Mount Vernon)	(360) 416-7600
Saint Martin's University (Lacey)	(360) 491-4700
Western Washington University (Bellingham)	(360) 650-3000
Bellingham Technical College (Bellingham)	(360) 752-7000
The Evergreen State College (Olympia)	(360) 867-6000
Texas A&M University–Kingsville (Kingsville)	(361) 593-2111
Del Mar College (Corpus Christi)	(361) 698-1200
Texas A&M University–Corpus Christi (Corpus Christi)	(361) 825-5700
Embry–Riddle Aeronautical University (Daytona Beach)	(386) 226-6910
St. Johns River State College (Palatka)	(386) 312-4200
Bethune-Cookman University (Daytona Beach)	(386) 481-2000
Daytona State College (Daytona Beach)	(386) 506-3000
Stetson University (DeLand)	(386) 822-7000
Bryant University (Smithfield)	(401) 232-6000
Roger Williams University (Bristol)	(401) 253-1040
Community College of Rhode Island (Warwick)	(401) 437-5224
Rhode Island School of Design (Providence)	(401) 454-6100
Rhode Island College (Providence)	(401) 456-8000
New England Institute of Technology (East Greenwich)	(401) 467-7744
Johnson & Wales University (Providence)	(401) 598-1000
Naval War College (Newport)	(401) 841-1310
Salve Regina University (Newport)	(401) 847-6650
Brown University (Providence)	(401) 863-1000
Providence College (Providence)	(401) 865-1000
University of Rhode Island (Kingston)	(401) 874-1000
Creighton University (Omaha)	(402) 280-2700
Nebraska Methodist College (Omaha)	(402) 354-7000
College of Saint Mary (Omaha)	(402) 399-2400
University of Nebraska–Lincoln (Lincoln)	(402) 472-7211
Union College (Lincoln)	(402) 486-2600
Clarkson College (Omaha)	(402) 552-3100
University of Nebraska Omaha	(402) 554-2800
University of Nebraska Medical Center (Omaha)	(402) 559-4000
Concordia University (Nebraska) (Seward)	(402) 643-3651
Southeast Community College (Lincoln)	(402) 761-2131
Doane College (Crete)	(402) 826-2161
Nebraska Wesleyan University (Lincoln)	(402) 827-3555
Peru State College (Peru)	(402) 872-3815
Oglethorpe University (Atlanta)	(404) 261-1441
Georgia State University (Atlanta)	(404) 413-2000
Agnes Scott College (Decatur)	(404) 471-6000
Morehouse College (Atlanta)	(404) 681-2800
Spelman College (Atlanta)	(404) 681-3643
Emory University (Atlanta)	(404) 727-6123
Morris Brown College (Atlanta)	(404) 739-1010
Morehouse School of Medicine (Atlanta)	(404) 752-1500
Atlanta Metropolitan State College (Atlanta)	(404) 756-4000
Clark Atlanta University (Atlanta)	(404) 880-8000
Georgia Institute of Technology (Atlanta)	(404) 894-2000
Oklahoma City University (Oklahoma City)	(405) 208-5000
University of Oklahoma Health Sciences Center (Oklahoma City)	(405) 271-4000
Oklahoma Baptist University (Shawnee)	(405) 275-2850
University of Oklahoma (Norman)	(405) 325-0311
Oklahoma Christian University (Edmond)	(405) 425-5000
Langston University (Langston)	(405) 466-2231
Oklahoma City Community College (Oklahoma City)	(405) 682-1611
Mid-America Christian University (Oklahoma City)	(405) 691-3800
Rose State College (Midwest City)	(405) 733-7372
Oklahoma State University–Stillwater (Stillwater)	(405) 744-5000
Southern Nazarene University (Bethany)	(405) 789-6400
Southwestern Christian University (Bethany)	(405) 789-7661
St. Gregory's University (Shawnee)	(405) 878-5100
Oklahoma State University–Oklahoma City (Oklahoma City)	(405) 947-4421
University of Central Oklahoma (Edmond)	(405) 974-2000
University of Montana (Missoula)	(406) 243-0211
Montana State University–Northern (Havre)	(406) 265-3700
Salish Kootenai College	(406) 275-4800
Carroll College (Helena)	(406) 447-4300
Helena College University of Montana (Helena)	(406) 447-6900
Rocky Mountain College (Billings)	(406) 657-1000
Montana State University Billings (Billings)	(406) 657-2011
Flathead Valley Community College (Kalispell)	(406) 756-3822
Miles Community College (Miles City)	(406) 874-6100
Montana State University (Bozeman)	(406) 994-0211
Valencia College (Orlando)	(407) 299-5000
Adventist University of Health Sciences (Orlando)	(407) 303-9798
Rollins College (Winter Park)	(407) 646-2000
Full Sail University (Winter Park)	(407) 679-0100
Seminole State College of Florida (Sanford)	(407) 708-4722 ext. 3609
University of Central Florida (Orlando)	(407) 823-2000
San Jose City College (San Jose)	(408) 298-2181
Santa Clara University (Santa Clara)	(408) 554-4000
De Anza College (Cupertino)	(408) 864-5300
San Jose State University (San Jose)	(408) 924-1000
Texas A&M University at Galveston (Galveston)	(409) 740-4411
Lamar Institute of Technology (Beaumont)	(409) 880-8321
Lamar State College–Orange (Orange)	(409) 883-7750
Lamar State College–Port Arthur (Port Arthur)	(409) 983-4921
Cecil College (North East)	(410) 287-1000
United States Naval Academy (Annapolis)	(410) 293-1000
Wor–Wic Community College (Salisbury)	(410) 334-2800
Goucher College (Baltimore)	(410) 337-6000
Notre Dame of Maryland University (Baltimore)	(410) 435-0100
University of Maryland, Baltimore County (Baltimore)	(410) 455-1000
Johns Hopkins University (Baltimore)	(410) 516-8000
Salisbury University (Salisbury)	(410) 543-6000
Loyola University Maryland (Baltimore)	(410) 617-2000
University of Maryland Eastern Shore (Princess Anne)	(410) 651-7747
Maryland Institute College of Art (Baltimore)	(410) 669-9200
Towson University (Towson)	(410) 704-2000
University of Maryland, Baltimore (Baltimore)	(410) 706-3100
Anne Arundel Community College	(410) 777-2222
Washington College (Chestertown)	(410) 778-2800
Chesapeake College (Wye Mills)	(410) 822-5400
University of Baltimore (Baltimore)	(410) 837-4200
McDaniel College (Westminster)	(410) 848-7000
Coppin State University (Baltimore)	(410) 951-3000
Carnegie Mellon University (Pittsburgh)	(412) 268-2000
Chatham University (Pittsburgh)	(412) 365-1100
La Roche College (Pittsburgh)	(412) 367-9300
Point Park University (Pittsburgh)	(412) 391-4100
Community College of Allegheny County (Pittsburgh)	(412) 394-6989
Duquesne University (Pittsburgh)	(412) 396-6000
Carlow University (Pittsburgh)	(412) 578-6000
University of Pittsburgh (Pittsburgh)	(412) 624-4141
Mount Holyoke College (South Hadley)	(413) 538-2000
Holyoke Community College (Holyoke)	(413) 538-7000
Amherst College (Amherst)	(413) 542-2000
University of Massachusetts Amherst	(413) 545-0111
Hampshire College (Amherst)	(413) 549-4600
Westfield State University (Westfield)	(413) 572-5300
Smith College (Northampton)	(413) 584-2700
Williams College (Williamstown)	(413) 597-3131
Western New England University (Springfield)	(413) 782-3111
University of Wisconsin–Milwaukee	(414) 229-1122
Mount Mary University (Milwaukee)	(414) 258-4810
Milwaukee School of Engineering (Milwaukee)	(414) 277-7300
Marquette University (Milwaukee)	(414) 288-7250
Milwaukee Area Technical College (Milwaukee)	(414) 297-6282
Alverno College (Milwaukee)	(414) 382-6000
Cardinal Stritch University (Milwaukee)	(414) 410-4000
Wisconsin Lutheran College (Milwaukee)	(414) 443-8800
Medical College of Wisconsin (Milwaukee)	(414) 955-8296
City College of San Francisco (San Francisco)	(415) 239-3000
San Francisco State University (San Francisco)	(415) 338-1111
University of San Francisco (San Francisco)	(415) 422-5555
Dominican University of California (San Rafael)	(415) 457-4440
University of California, San Francisco (San Francisco)	(415) 476-6922
San Francisco Art Institute (San Francisco)	(415) 771-7020
Southwest Baptist University (Bolivar)	(417) 328-5281
College of the Ozarks (Point Lookout)	(417) 334-6411
Ozarks Technical Community College (Springfield)	(417) 447-7500
Missouri Southern State University (Joplin)	(417) 625-9300
Missouri State University (Springfield)	(417) 836-5000
Evangel University (Springfield)	(417) 865-2815
Drury University (Springfield)	(417) 873-7879
Ashland University (Ashland)	(419) 289-4142
Bowling Green State University (Bowling Green)	(419) 372-2531
University of Findlay (Findlay)	(419) 422-8313
North Central State College (Mansfield)	(419) 755-4800
Ohio Northern University (Ada)	(419) 772-2000
University of Northwestern Ohio (Lima)	(419) 998-3120
Northeast State Community College (Blountville)	(423) 323-3191
University of Tennessee at Chattanooga (Chattanooga)	(423) 425-4111
East Tennessee State University (Johnson City)	(423) 439-1000
Milligan College	(423) 461-8700
Walters State Community College (Morristown)	(423) 585-2600
Lee University (Cleveland)	(423) 614-8000
Tusculum College (Greeneville)	(423) 636-7300
Bryan College (Dayton)	(423) 775-2041
Lincoln Memorial University (Harrogate)	(423) 869-3611
University of Washington Bothell (Bothell)	(425) 352-5000
Bellevue College (Bellevue)	(425) 564-1000
Northwest University (Kirkland)	(425) 822-8266
Hampden–Sydney College	(434) 223-6000
Sweet Briar College (Sweet Briar)	(434) 381-6100
Longwood University (Farmville)	(434) 395-2000
Lynchburg College (Lynchburg)	(434) 544-8100
Liberty University (Lynchburg)	(434) 582-2000
Averett University (Danville)	(434) 791-5600
Central Virginia Community College (Lynchburg)	(434) 832-7600
University of Virginia (Charlottesville)	(434) 924-0311
Randolph College (Lynchburg)	(434) 947-8000
Piedmont Virginia Community College (Charlottesville)	(434) 977-3900
Snow College (Ephraim)	(435) 283-7000
Southern Utah University (Cedar City)	(435) 586-7700
Utah State University Eastern (Price)	(435) 613-5000
Dixie State University (St. George)	(435) 652-7500
Bridgerland Applied Technology College (Logan)	(435) 753-6780
Utah State University (Logan)	(435) 797-1000
Jon M. Huntsman School of Business (Logan)	(435) 797-2272
Lorain County Community College (Elyria)	(440) 365-5222
Ursuline College (Pepper Pike)	(440) 449-4200
Lakeland Community College (Kirtland)	(440) 525-7000
Oberlin College (Oberlin)	(440) 775-8121
Baldwin Wallace University (Berea)	(440) 826-2900
Harford Community College (Bel Air)	(443) 412-2000
Community College of Baltimore County (Baltimore)	(443) 840-2222
Morgan State University (Baltimore)	(443) 885-3333
Kennesaw State University (Kennesaw)	(470) 578-6000
East Georgia State College (Swainsboro)	(478) 289-2000
Mercer University (Macon)	(478) 301-2700
Georgia College & State University (Milledgeville)	(478) 445-5004
Macon State College (Macon)	(478) 471-2700
Wesleyan College (Macon)	(478) 477-1110
Central Georgia Technical College (Macon)	(478) 757-3400
John Brown University (Siloam Springs)	(479) 524-9500
University of Arkansas (Fayetteville)	(479) 575-2000
Sam M. Walton College of Business	(479) 575-5949
Northwest Arkansas Community College (Bentonville)	(479) 636-9222
University of Arkansas – Fort Smith (Fort Smith)	(479) 788-7000
Arkansas Tech University (Russellville)	(479) 968-0237
University of the Ozarks (Clarksville)	(479) 979-1000
Mesa Community College (Mesa)	(480) 461-7000
Rio Salado College (Tempe)	(480) 517-8000
Arizona State University (Tempe)	(480) 965-2100
Barrett, The Honors College (Tempe)	(480) 965-2359
Muhlenberg College (Allentown)	(484) 664-3100
Harding University (Searcy)	(501) 279-4000
Hendrix College (Conway)	(501) 329-6811
Central Baptist College (Conway)	(501) 329-6872
Philander Smith College (Little Rock)	(501) 375-9845
Arkansas Baptist College (Little Rock)	(501) 420-1200
University of Central Arkansas (Conway)	(501) 450-5000
University of Arkansas at Little Rock (Little Rock)	(501) 569-3000
University of Arkansas for Medical Sciences (Little Rock)	(501) 686-7000
Pulaski Technical College (North Little Rock)	(501) 812-2200
Jefferson Community and Technical College (Louisville)	(502) 213-5333
Bellarmine University (Louisville)	(502) 272-8000
Sullivan University (Louisville)	(502) 456-6504
Spalding University (Louisville)	(502) 585-9911
University of Louisville (Louisville)	(502) 852-5555
Georgetown College (Georgetown)	(502) 863-8000
Southern Baptist Theological Seminary (Louisville)	(502) 897-4011
Pacific Northwest College of Art (Portland)	(503) 226-4391
Concordia University (Portland)	(503) 288-9371
Pacific University (Forest Grove)	(503) 352-6151
Willamette University (Salem)	(503) 370-6300
Chemeketa Community College (Salem)	(503) 399-5000
Mt. Hood Community College (Gresham)	(503) 491-6422
Oregon Health & Science University (Portland)	(503) 494-8311
Warner Pacific College (Portland)	(503) 517-1000
George Fox University (Newberg)	(503) 538-8383
Corban University (Salem)	(503) 581-8600
Clackamas Community College (Oregon City)	(503) 594-6000
Marylhurst University (Marylhurst)	(503) 636-8141
Portland State University (Portland)	(503) 725-3000
Lewis & Clark College (Portland)	(503) 768-7000
Reed College (Portland)	(503) 771-1112
Western Oregon University (Monmouth)	(503) 838-8000
Linfield College (McMinnville)	(503) 883-2200
University of Portland (Portland)	(503) 943-8000
University of New Orleans (New Orleans)	(504) 280-6000
Dillard University (New Orleans)	(504) 283-8822
Southern University at New Orleans (New Orleans)	(504) 286-5000
Our Lady of Holy Cross College (New Orleans)	(504) 394-7744
Xavier University of Louisiana (New Orleans)	(504) 486-7411
LSU Health Sciences Center New Orleans (New Orleans)	(504) 568-8977
Delgado Community College (New Orleans)	(504) 671-5000
Loyola University New Orleans (New Orleans)	(504) 865-3240
Tulane University (New Orleans)	(504) 865-5000
Central New Mexico Community College (Albuquerque)	(505) 224-3000
University of New Mexico (Albuquerque)	(505) 277-0111
University of New Mexico School of Law (Albuquerque)	(505) 277-2146
San Juan College (Farmington)	(505) 326-3311
New Mexico Highlands University (Las Vegas)	(505) 425-7511
Santa Fe Community College (Santa Fe)	(505) 428-1000
Santa Fe University of Art and Design (Santa Fe)	(505) 473-6011
University of New Mexico–Los Alamos	(505) 662-5919
Northern New Mexico University (Española)	(505) 747-2100
Carleton College (Northfield)	(507) 222-4000
University of Minnesota Rochester (Rochester)	(507) 258-8000
Bethany Lutheran College (Mankato)	(507) 344-7000
Martin Luther College (New Ulm)	(507) 354-8221
Minnesota State University, Mankato (Mankato)	(507) 389-1866
South Central College (Mankato)	(507) 389-7200
Saint Mary's University of Minnesota (Winona)	(507) 452-4430
Winona State University (Winona)	(507) 457-5000
St. Olaf College (Northfield)	(507) 786-2222
Gustavus Adolphus College (St. Peter)	(507) 933-8000
Wheaton College (Norton)	(508) 285-7722
Bridgewater State University (Bridgewater)	(508) 531-1000
Woods Hole Oceanographic Institution	(508) 548-1400
Stonehill College (Easton)	(508) 565-1000
Framingham State University (Framingham)	(508) 620-1220
Assumption College (Worcester)	(508) 767-7000
Becker College (Worcester)	(508) 791-9241
College of the Holy Cross (Worcester)	(508) 793-2011
Clark University (Worcester)	(508) 793-7711
Massachusetts Maritime Academy (Bourne)	(508) 830-5000
Worcester Polytechnic Institute (Worcester)	(508) 831-5000
Anna Maria College (Paxton)	(508) 849-3300
Quinsigamond Community College (Worcester)	(508) 853-2300
Worcester State University (Worcester)	(508) 929-8000
University of Massachusetts Dartmouth (North Dartmouth)	(508) 999-8000
Gonzaga University (Spokane)	(509) 328-4220
Washington State University (Pullman)	(509) 335-3564
Eastern Washington University (Cheney)	(509) 359-6200
Washington State University Tri-Cities (Richland)	(509) 372-7250
Walla Walla Community College (Walla Walla)	(509) 522-2500
Whitman College (Walla Walla)	(509) 527-5111
Spokane Falls Community College (Spokane)	(509) 533-3500
Spokane Community College (Spokane)	(509) 533-7000
Columbia Basin College (Pasco)	(509) 547-0511
Whitworth University (Spokane)	(509) 777-1000
Central Washington University (Ellensburg)	(509) 963-1111
Mills College (Oakland)	(510) 430-2255
Holy Names University (Oakland)	(510) 436-1000
California College of the Arts	(510) 594-3600
University of California, Berkeley (Berkeley)	(510) 642-6000
Chabot College (Hayward)	(510) 723-6600
Laney College (Oakland)	(510) 834-5740
Samuel Merritt University (Oakland)	(510) 869-6511
California State University, East Bay (Hayward)	(510) 885-3000
Concordia University Texas (Austin)	(512) 313-3000
St. Edward's University	(512) 448-8400
University of Texas at Austin (Austin)	(512) 471-3434
Huston–Tillotson University (Austin)	(512) 505-3000
Southwestern University (Georgetown)	(512) 863-6511
Mount St. Joseph University (Cincinnati)	(513) 244-4200
Cincinnati Christian University (Cincinnati)	(513) 244-8100
Miami University (Oxford)	(513) 529-1809
University of Cincinnati (Cincinnati)	(513) 556-6000
Carl H. Lindner College of Business	(513) 556-7002
Cincinnati State Technical and Community College (Cincinnati)	(513) 569-1500
University of Cincinnati Clermont College	(513) 732-5200
Xavier University (Cincinnati)	(513) 745-3000
AIB College of Business (Des Moines)	(515) 244-4221
Des Moines Area Community College (Ankeny)	(515) 244-4226
Grand View University (Des Moines)	(515) 263-2800
Des Moines University (Des Moines)	(515) 271-1400
Drake University (Des Moines)	(515) 271-2011
Drake University Law School (Des Moines)	(515) 271-2824
Iowa State University (Ames)	(515) 294-4111
Iowa Central Community College (Fort Dodge)	(515) 576-7201
Simpson College (Indianola)	(515) 961-6251
LIU Post (Brookville)	(516) 299-2900
Long Island University (Brookville)	(516) 299-2900
Molloy College (Rockville Centre)	(516) 323-3000
Hofstra University (Hempstead)	(516) 463-6600
Nassau Community College (Garden City)	(516) 572-7501
Webb Institute (Glen Cove)	(516) 671-2213
United States Merchant Marine Academy (Kings Point)	(516) 773-5258
State University of New York at Old Westbury (Old Westbury)	(516) 876-3000
Adrian College (Adrian)	(517) 265-5161
Michigan State University (East Lansing)	(517) 355-1855
Hillsdale College (Hillsdale)	(517) 437-7341
Albion College (Albion)	(517) 629-1000
Spring Arbor University	(517) 750-1200
State University of New York at Cobleskill (Cobleskill)	(518) 255-5011
Albany Medical College (Albany)	(518) 262-3125
Rensselaer Polytechnic Institute (Troy)	(518) 276-6000
Paul Smith's College (Paul Smiths)	(518) 327-6000
Schenectady County Community College (Schenectady)	(518) 381-1200
Union College (Schenectady)	(518) 388-6000
University at Albany, SUNY (Albany)	(518) 442-3300
Albany Law School (Albany)	(518) 445-2311
State University of New York at Plattsburgh (Plattsburgh)	(518) 564-2000
Skidmore College (Saratoga Springs)	(518) 580-5000
Empire State College (Saratoga Springs)	(518) 587-2100
Hudson Valley Community College (Troy)	(518) 629-4822
Union Graduate College (Schenectady)	(518) 631-9910
Albany College of Pharmacy and Health Sciences (Albany)	(518) 694-7200
SUNY Adirondack (Queensbury)	(518) 743-2200
Siena College (Colonie)	(518) 783-2300
Pima Community College (Tucson)	(520) 206-7171
University of Arizona (Tucson)	(520) 621-2211
Simpson University (Redding)	(530) 224-5600
Butte College (Oroville)	(530) 538-5300
University of California, Davis (Davis)	(530) 752-1011
California State University, Chico (Chico)	(530) 898-4636
Virginia Tech	(540) 231-6000
Blue Ridge Community College (Weyers Cave)	(540) 234-9261
Southern Virginia University (Buena Vista city)	(540) 261-8400
Hollins University	(540) 362-6000
Roanoke College (Salem)	(540) 375-2500
Eastern Mennonite University (Harrisonburg)	(540) 432-4000
Washington and Lee University (Lexington city)	(540) 458-8400
Virginia Military Institute (Lexington city)	(540) 464-7230
James Madison University (Harrisonburg)	(540) 568-6211
Christendom College (Front Royal)	(540) 636-2900
University of Mary Washington (Fredericksburg)	(540) 654-1000
Bridgewater College (Bridgewater)	(540) 828-8000
Radford University (Radford)	(540) 831-5000
Virginia Western Community College (Roanoke)	(540) 857-8922
Mary Baldwin College (Staunton city)	(540) 887-7019
Germanna Community College (Locust Grove)	(540) 891-3000
Jefferson College of Health Sciences (Roanoke)	(540) 985-8483
Northwest Christian University (Eugene)	(541) 343-1641
University of Oregon (Eugene)	(541) 346-1000
University of Oregon School of Architecture and Allied Arts (Eugene)	(541) 346-3631
Lane Community College (Eugene)	(541) 463-3000
Southern Oregon University (Ashland)	(541) 552-7672
Oregon State University (Corvallis)	(541) 737-1000
Oregon State University College of Engineering	(541) 737-3101
Treasure Valley Community College (Ontario)	(541) 881-8822
Klamath Community College (Klamath Falls)	(541) 882-3521
Oregon Institute of Technology (Klamath Falls)	(541) 885-1000
Linn–Benton Community College (Albany)	(541) 917-4811
Rogue Community College (Grants Pass)	(541) 956-7500
Eastern Oregon University (La Grande)	(541) 962-3672
California State University, Fresno (Fresno)	(559) 278-4240
Fresno City College (Fresno)	(559) 442-4600
Fresno Pacific University (Fresno)	(559) 453-2000
Reedley College (Reedley)	(559) 638-3641
Lynn University (Boca Raton)	(561) 237-7000
Florida Atlantic University (Boca Raton)	(561) 297-3000
Palm Beach Atlantic University (West Palm Beach)	(561) 803-2000
Palm Beach State College (Lake Worth)	(561) 967-7222
Rio Hondo College (Whittier)	(562) 692-0921
Biola University (La Mirada)	(562) 903-6000
Whittier College (Whittier)	(562) 907-4238
Long Beach City College	(562) 938-4111
California State University, Long Beach (Long Beach)	(562) 985-4111
St. Ambrose University (Davenport)	(563) 333-6000
Luther College (Decorah)	(563) 387-2000
Upper Iowa University (Fayette)	(563) 425-5200
Scott Community College (Bettendorf)	(563) 441-4001
Northeast Iowa Community College (Calmar)	(563) 562-3263
Clarke University (Dubuque)	(563) 588-6300
Loras College (Dubuque)	(563) 588-7100
University of Dubuque (Dubuque)	(563) 589-3000
Owens Community College (Perrysburg)	(567) 661-7000
Lycoming College (Williamsport)	(570) 321-4000
Pennsylvania College of Technology (Williamsport)	(570) 326-3761
Marywood University (Scranton)	(570) 348-6211
Susquehanna University (Selinsgrove)	(570) 374-0101
Bloomsburg University of Pennsylvania (Bloomsburg)	(570) 389-4000
Wilkes University (Wilkes-Barre)	(570) 408-2000
East Stroudsburg University of Pennsylvania	(570) 422-3211
Lock Haven University of Pennsylvania (Lock Haven)	(570) 484-2011
Mansfield University of Pennsylvania (Mansfield)	(570) 662-4000
Misericordia University (Dallas)	(570) 674-6400
University of Scranton (Scranton)	(570) 941-7400
Lackawanna College (Scranton)	(570) 961-7810
Missouri University of Science and Technology (Rolla)	(573) 341-4111
Southeast Missouri State University (Cape Girardeau)	(573) 651-2000
University of Missouri (Columbia)	(573) 882-2121
William Woods University (Fulton)	(573) 893-7070
Saint Mary's College (Notre Dame)	(574) 284-4000
Anabaptist Mennonite Biblical Seminary	(574) 295-3726
Indiana University South Bend (South Bend)	(574) 520-4872
Goshen College (Goshen)	(574) 535-7000
University of Notre Dame (Notre Dame)	(574) 631-5000
Bethel College (Mishawaka)	(574) 807-7000
Ancilla College (Donaldson)	(574) 936-8898
New Mexico Junior College (Hobbs)	(575) 392-4510
Western New Mexico University (Silver City)	(575) 538-6011
New Mexico State University (Las Cruces)	(575) 646-0111
New Mexico Institute of Mining and Technology (Socorro)	(575) 835-5434
East Central University (Ada)	(580) 332-8000
Murray State College (Tishomingo)	(580) 371-2371
Southwestern Oklahoma State University (Weatherford)	(580) 774-3063
State University of New York at Geneseo (Geneseo)	(585) 245-5000
University of Rochester (Rochester)	(585) 275-2121
William E. Simon Graduate School of Business Administration (Rochester)	(585) 275-3533
Monroe Community College (Rochester)	(585) 292-2000
Genesee Community College (Batavia)	(585) 343-0055
St. John Fisher College (Rochester)	(585) 385-8000
Nazareth College (Rochester)	(585) 389-2525
Finger Lakes Community College (Canandaigua)	(585) 394-3500
State University of New York at Brockport (Brockport)	(585) 395-2211
Rochester Institute of Technology (Rochester)	(585) 475-2411
Houghton College (Caneadea)	(585) 567-9200
Roberts Wesleyan College (Rochester)	(585) 594-6000
Macomb Community College (Warren)	(586) 445-7999
University of Southern Mississippi (Hattiesburg)	(601) 266-1000
William Carey University (Hattiesburg)	(601) 318-6051
Hinds Community College (Raymond)	(601) 366-1405
Jones County Junior College (Ellisville)	(601) 477-4000
Meridian Community College (Meridian)	(601) 483-8241
Alcorn State University (Alcorn, Mississippi)	(601) 877-6100
Mississippi Gulf Coast Community College (Perkinston)	(601) 928-5211
Belhaven University (Jackson)	(601) 968-5940
Millsaps College (Jackson)	(601) 974-1000
Tougaloo College (Tougaloo, Mississippi)	(601) 977-7700
Jackson State University (Jackson)	(601) 979-2121
Phoenix College (Phoenix)	(602) 285-7800
Arizona Christian University (Phoenix)	(602) 489-5300
University of Phoenix (Tempe)	(602) 557-2000
Grand Canyon University (Phoenix)	(602) 639-7500
New Hampshire Technical Institute (Concord)	(603) 271-6484
Keene State College (Keene)	(603) 352-1909
New England College (Henniker)	(603) 428-2211
The College of Saint Mary Magdalen (Warner)	(603) 456-2656
Colby–Sawyer College (New London)	(603) 526-3000
Plymouth State University (Plymouth)	(603) 535-5000
Southern New Hampshire University (Manchester)	(603) 626-9100
University of New Hampshire at Manchester (Manchester)	(603) 641-4101
Saint Anselm College (Manchester)	(603) 641-7000
Dartmouth College	(603) 646-1110
University of New Hampshire	(603) 862-1234
Thomas More College of Liberal Arts (Merrimack)	(603) 880-8308
Rivier University (Nashua)	(603) 888-1311
Franklin Pierce University (Rindge)	(603) 899-4000
Dakota State University (Madison)	(605) 256-5111
Augustana College (Sioux Falls)	(605) 274-0770
University of Sioux Falls (Sioux Falls)	(605) 331-6600
South Dakota School of Mines and Technology (Rapid City)	(605) 394-2511
Northern State University (Aberdeen)	(605) 626-3011
Black Hills State University (Spearfish)	(605) 642-6343
Mount Marty College (Yankton)	(605) 668-1545
Lake Area Technical Institute (Watertown)	(605) 882-5284
University of Pikeville (Pikeville)	(606) 218-5250
Alice Lloyd College (Pippa Passes)	(606) 368-6000
Union College (Barbourville)	(606) 546-4151
Somerset Community College (Somerset)	(606) 679-8501
Cornell University (Ithaca)	(607) 254-4636
Ithaca College (Ithaca)	(607) 274-3011
Hartwick College (Oneonta)	(607) 431-4000
State University of New York at Oneonta (Oneonta)	(607) 436-3500
Alfred State College	(607) 587-4215
Elmira College (Elmira)	(607) 735-1800
State University of New York at Delhi	(607) 746-4550
State University of New York at Cortland (Cortland)	(607) 753-2011
Binghamton University (Binghamton)	(607) 777-2000
Tompkins Cortland Community College (Dryden)	(607) 844-8211
Alfred University (Alfred)	(607) 871-2175
Corning Community College (Corning)	(607) 962-9222
Madison Area Technical College (Madison)	(608) 246-6100
University of Wisconsin-Madison (Madison)	(608) 263-2400
University of Wisconsin–Platteville (Platteville)	(608) 342-1491
Beloit College	(608) 363-2000
University of Wisconsin–La Crosse (La Crosse)	(608) 785-8000
Princeton University (Princeton)	(609) 258-3000
Mercer County Community College (West Windsor Township)	(609) 586-4800
Stockton University (Galloway Township)	(609) 652-1776
The College of New Jersey (Ewing Township)	(609) 771-2131
Rider University	(609) 896-5000
DeSales University (Center Valley)	(610) 253-9999
Swarthmore College (Swarthmore)	(610) 328-8000
Lafayette College (Easton)	(610) 330-5000
Eastern University (St. Davids)	(610) 341-5800
Delaware County Community College	(610) 359-5000
Reading Area Community College (Reading)	(610) 372-4721
Penn State Berks (Reading)	(610) 396-6000
Cheyney University of Pennsylvania (Cheyney)	(610) 399-2000
Ursinus College (Collegeville)	(610) 409-3000
West Chester University of Pennsylvania (West Chester)	(610) 436-1000
Cedar Crest College (Allentown)	(610) 437-4471
Neumann University (Aston Township)	(610) 459-0905
Widener University (Chester)	(610) 499-4000
Villanova University (Villanova)	(610) 519-4500
Bryn Mawr College (Bryn Mawr)	(610) 526-5000
Rosemont College (Rosemont)	(610) 527-0200
Immaculata University (East Whiteland Township)	(610) 647-4400
Saint Joseph's University (Philadelphia)	(610) 660-1000
Kutztown University of Pennsylvania (Kutztown)	(610) 683-4000
Lehigh University (Bethlehem)	(610) 758-3000
Alvernia University (Reading)	(610) 796-8200
Lehigh Carbon Community College (North Whitehall Township)	(610) 799-2121
Moravian College (Bethlehem)	(610) 861-1300
Northampton Community College	(610) 861-5300
Haverford College (Haverford)	(610) 896-1000
Cabrini College (Radnor)	(610) 902-8100
Albright College (Reading)	(610) 921-2381
Augsburg College (Minneapolis)	(612) 330-1000
North Central University (Minneapolis)	(612) 343-4400
University of Minnesota	(612) 625-5000
Columbus College of Art and Design (Columbus)	(614) 224-9101
Capital University (Columbus)	(614) 236-6011
Ohio Dominican University (Columbus)	(614) 251-4500
Columbus State Community College (Columbus)	(614) 287-5353
Ohio State University (Columbus)	(614) 292-6446
Franklin University (Columbus)	(614) 797-4700
Otterbein University (Westerville)	(614) 890-3000
Trevecca Nazarene University (Nashville)	(615) 248-1200
Vanderbilt University Medical Center	(615) 322-5000
Vanderbilt University (Nashville)	(615) 322-7311
Meharry Medical College (Nashville)	(615) 327-6000
Fisk University (Nashville)	(615) 329-8500
Nashville State Community College (Nashville)	(615) 353-3333
Cumberland University (Lebanon)	(615) 444-2562
Volunteer State Community College (Gallatin)	(615) 452-8600
Belmont University (Nashville)	(615) 460-6000
Middle Tennessee State University (Murfreesboro)	(615) 898-2300
Tennessee State University (Nashville)	(615) 963-5000
Lipscomb University (Nashville)	(615) 966-1000
Kuyper College (Grand Rapids)	(616) 222-3000
Grand Rapids Community College (Grand Rapids)	(616) 234-4000
Grand Valley State University (Allendale Charter Township)	(616) 331-5000
Hope College (Holland)	(616) 395-7000
Calvin College (Grand Rapids)	(616) 526-6000
Aquinas College (Grand Rapids)	(616) 632-8900
Davenport University (Grand Rapids)	(616) 698-7111
Cornerstone University (Grand Rapids Charter Township)	(616) 949-5300
Bunker Hill Community College	(617) 228-2000
Massachusetts Institute of Technology (Cambridge)	(617) 253-1000
Berklee College of Music (Boston)	(617) 266-1400
University of Massachusetts Boston (Boston)	(617) 287-5000
Curry College (Milton)	(617) 333-0500
Boston University (Boston)	(617) 353-2000
Northeastern University (Boston)	(617) 373-2000
Harvard University (Cambridge)	(617) 495-1000
Simmons College (Boston)	(617) 521-2000
Boston College (Chestnut Hill)	(617) 552-8000
Suffolk University (Boston)	(617) 573-8000
Tufts University	(617) 628-5000
MCPHS University (Boston)	(617) 732-2864
Emmanuel College (Boston)	(617) 735-9715
Eastern Nazarene College (Quincy)	(617) 745-3000
Emerson College (Boston)	(617) 824-8500
Lesley University	(617) 868-9600
Wheelock College (Boston)	(617) 879-2000
Massachusetts College of Art and Design (Boston)	(617) 879-7000
Wentworth Institute of Technology (Boston)	(617) 989-4590
Southwestern Illinois College (Belleville)	(618) 235-2700
Rend Lake College (Ina)	(618) 437-5321
Southern Illinois University Carbondale (Carbondale)	(618) 453-2121
Lewis and Clark Community College (Godfrey)	(618) 468-7000
McKendree University (Lebanon)	(618) 537-4481
John A. Logan College (Carterville)	(618) 985-2828
San Diego Christian College (El Cajon)	(619) 201-8700
California Western School of Law (San Diego)	(619) 239-0391
University of San Diego (San Diego)	(619) 260-4600
San Diego Mesa College (San Diego)	(619) 388-2600
San Diego City College (San Diego)	(619) 388-3071
San Diego State University (San Diego)	(619) 594-5200
Point Loma Nazarene University (San Diego)	(619) 849-2200
Pittsburg State University (Pittsburg)	(620) 231-7000
Central Christian College of Kansas (McPherson)	(620) 241-0723
Hesston College	(620) 327-4221
Emporia State University (Emporia)	(620) 341-1200
Cowley Community College (Arkansas City)	(620) 442-0430
Hutchinson Community College (Hutchinson)	(620) 665-3500
California Institute of Technology (Pasadena)	(626) 395-6811
Fuller Theological Seminary (Pasadena)	(626) 584-5200
Pasadena City College (Pasadena)	(626) 585-7123
Citrus College (Glendora)	(626) 963-0323
Azusa Pacific University (Azusa)	(626) 969-3434
Elmhurst College (Elmhurst)	(630) 279-4100
Waubonsee Community College (Sugar Grove)	(630) 466-7900
Northern Baptist Theological Seminary (Lombard)	(630) 620-2180
North Central College (Naperville)	(630) 637-5100
Wheaton College (Wheaton)	(630) 752-5000
Benedictine University (Lisle)	(630) 829-6000
Aurora University (Aurora)	(630) 892-6431
College of DuPage	(630) 942-2800
Dowling College (Oakdale)	(631) 244-3000
Farmingdale State College (Town of Oyster Bay)	(631) 420-2000
Suffolk County Community College (Selden)	(631) 451-4110
Stony Brook University (Stony Brook)	(631) 632-6000
Touro Law Center	(631) 761-7000
St. Charles Community College (Cottleville)	(636) 922-8000
Lindenwood University (Saint Charles)	(636) 949-2000
Grinnell College (Grinnell)	(641) 269-4000
North Iowa Area Community College (Mason City)	(641) 423-1264
Waldorf College (Forest City)	(641) 585-2450
William Penn University (Oskaloosa)	(641) 673-1001
Graceland University (Lamoni)	(641) 784-5000
Baruch College (New York City)	(646) 312-1000
Stanford University (Stanford)	(650) 723-2300
William Mitchell College of Law (Saint Paul)	(651) 227-9171
Hamline University (Saint Paul)	(651) 523-2800
University of Northwestern – St. Paul (Saint Paul)	(651) 631-5100
Bethel University (Saint Paul)	(651) 638-6400
Luther Seminary (Saint Paul)	(651) 641-3456
Concordia University (Saint Paul)	(651) 641-8278
St. Catherine University (Saint Paul)	(651) 690-6000
Macalester College (Saint Paul)	(651) 696-6000
Metropolitan State University (Saint Paul)	(651) 793-1300
Opus College of Business (Minneapolis)	(651) 962-4200
University of St. Thomas (Saint Paul)	(651) 962-5000
California State University, Fullerton (Fullerton)	(657) 278-2011
Central Methodist University (Fayette)	(660) 248-3391
University of Central Missouri (Warrensburg)	(660) 543-4111
Northwest Missouri State University (Maryville)	(660) 562-1212
Truman State University (Kirksville)	(660) 785-4000
California Institute of the Arts (Valencia)	(661) 255-1050
College of the Canyons (Santa Clarita)	(661) 259-7800
California State University, Bakersfield (Bakersfield)	(661) 654-3036
Northwest Mississippi Community College (Senatobia)	(662) 236-2023
Rust College (Holly Springs)	(662) 252-8000
Mississippi Valley State University (Itta Bena)	(662) 254-9041
Mississippi State University (Starkville)	(662) 325-2323
East Mississippi Community College (Scooba)	(662) 476-8442
Delta State University (Cleveland)	(662) 846-3000
University of Mississippi (Oxford)	(662) 915-7211
Gordon State College (Barnesville)	(678) 359-5555
Georgia Gwinnett College (Lawrenceville)	(678) 407-5000
Clayton State University (Morrow)	(678) 466-4000
University of West Georgia (Carrollton)	(678) 839-5000
Georgia Perimeter College (Decatur)	(678) 891-2300
Southern Polytechnic State University (Marietta)	(678) 915-7778
Bismarck State College (Bismarck)	(701) 224-5400
North Dakota State University (Fargo)	(701) 231-8011
University of Jamestown (Jamestown)	(701) 252-3467
University of Mary (Bismarck)	(701) 355-8030
Dickinson State University (Dickinson)	(701) 483-2507
Lake Region State College (Devils Lake)	(701) 662-1600
University of North Dakota (Grand Forks)	(701) 777-3000
Mayville State University (Mayville)	(701) 788-2301
Touro University Nevada (Henderson)	(702) 777-8687
University of Nevada, Las Vegas (Las Vegas)	(702) 895-3011
Nevada State College (Henderson)	(702) 992-2000
Northern Virginia Community College (Annandale)	(703) 323-3000
Marymount University (Arlington)	(703) 522-5600
George Mason University (Fairfax)	(703) 993-1000
Rowan–Cabarrus Community College (Salisbury)	(704) 216-7222
Wingate University (Wingate)	(704) 233-8000
Central Piedmont Community College (Charlotte)	(704) 330-2722
Queens University of Charlotte (Charlotte)	(704) 337-2200
Johnson C. Smith University (Charlotte)	(704) 378-1000
Gardner–Webb University (Boiling Springs)	(704) 406-4000
Belmont Abbey College (Belmont)	(704) 461-6700
Catawba College (Salisbury)	(704) 637-4111
University of North Carolina at Charlotte (Charlotte)	(704) 687-8622
Barber–Scotia College (Concord)	(704) 789-2900
Davidson College (Davidson)	(704) 894-2000
Berry College (Mount Berry, Georgia)	(706) 232-5374
Dalton State College (Dalton)	(706) 272-4436
Shorter University (Rome)	(706) 291-2121
Columbus State University (Columbus)	(706) 507-8800
University of Georgia (Athens)	(706) 542-3000
Georgia Health Sciences University (Augusta)	(706) 721-0211
Piedmont College (Demorest)	(706) 778-3000
Georgia Highlands College (Rome)	(706) 802-5000
Covenant College (Lookout Mountain)	(706) 820-1560
Paine College (Augusta)	(706) 821-8200
University of North Georgia (Dahlonega)	(706) 864-1400
LaGrange College (LaGrange)	(706) 880-8000
Toccoa Falls College (Toccoa)	(706) 886-7299
College of the Redwoods (Eureka)	(707) 476-4100
Santa Rosa Junior College (Santa Rosa)	(707) 527-4011
Touro University California (Vallejo)	(707) 638-5270
California Maritime Academy (Vallejo)	(707) 654-1000
Sonoma State University (Rohnert Park)	(707) 664-2880
Humboldt State University (Arcata)	(707) 826-3011
Pacific Union College	(707) 965-6311
Dominican University (River Forest)	(708) 366-2490
Triton College (River Grove)	(708) 456-0300
Governors State University (University Park)	(708) 534-5000
Trinity Christian College (Palos Heights)	(708) 597-3000
Concordia University Chicago (River Forest)	(708) 771-8300
Morningside College (Sioux City)	(712) 274-5000
Western Iowa Tech Community College (Sioux City)	(712) 274-6400
Briar Cliff University (Sioux City)	(712) 279-5321
Northwest Iowa Community College (Sheldon)	(712) 324-5061
Iowa Western Community College (Council Bluffs)	(712) 325-3200
Northwestern College (Orange City)	(712) 707-7000
Dordt College (Sioux Center)	(712) 722-6000
Buena Vista University (Storm Lake)	(712) 749-2400
University of Houston–Downtown (Houston)	(713) 221-8000
Texas Southern University (Houston)	(713) 313-7011
Rice University (Houston)	(713) 348-0000
University of St. Thomas (Houston)	(713) 522-7911
South Texas College of Law (Houston)	(713) 659-8040
University of Houston (Houston)	(713) 743-2255
Baylor College of Medicine	(713) 798-4951
Orange Coast College (Costa Mesa)	(714) 432-5072
Vanguard University of Southern California (Costa Mesa)	(714) 556-3610
Fullerton College (Fullerton)	(714) 992-7000
Dodge College of Film and Media Arts (Orange)	(714) 997-6765
Chapman University (Orange)	(714) 997-6815
University of Wisconsin–Stout (Menomonie)	(715) 232-1122
University of Wisconsin–Stevens Point (Stevens Point)	(715) 346-0123
University of Wisconsin–Superior (Superior)	(715) 394-8101
University of Wisconsin–River Falls (River Falls)	(715) 425-3911
Northland College (Ashland)	(715) 682-1699
Chippewa Valley Technical College (Eau Claire)	(715) 833-6200
Niagara University (Lewiston)	(716) 286-8700
St. Bonaventure University (Allegany)	(716) 375-2000
University at Buffalo (Buffalo)	(716) 645-2000
Hilbert College (Hamburg)	(716) 649-7900
State University of New York at Fredonia (Fredonia)	(716) 673-3111
D'Youville College (Buffalo)	(716) 829-8000
Daemen College (Amherst)	(716) 839-8225
Erie Community College (Williamsville)	(716) 851-1002
State University of New York College at Buffalo (Buffalo)	(716) 878-4000
Canisius College (Buffalo)	(716) 883-7000
Dickinson College (Carlisle)	(717) 243-5121
United States Army War College (Carlisle)	(717) 245-3131
Franklin & Marshall College (Lancaster)	(717) 291-3911
Gettysburg College (Gettysburg)	(717) 337-6300
Elizabethtown College (Elizabethtown)	(717) 361-1000
Shippensburg University of Pennsylvania (Shippensburg)	(717) 477-7447
Messiah College (Mechanicsburg)	(717) 766-2511
Harrisburg Area Community College (Harrisburg)	(717) 780-2400
York College of Pennsylvania (York)	(717) 846-7788
Lebanon Valley College	(717) 867-6161
Millersville University of Pennsylvania	(717) 871-4636
Penn State Harrisburg (Middletown)	(717) 948-6000
Polytechnic Institute of New York University (New York City)	(718) 260-3600
New York City College of Technology (Brooklyn)	(718) 260-5500
York College, City University of New York (New York City)	(718) 262-2000
Medgar Evers College (Brooklyn)	(718) 270-4900
Bronx Community College (New York City)	(718) 289-5100
Kingsborough Community College (New York City)	(718) 368-5000
Wagner College (New York City)	(718) 390-3100
College of Mount Saint Vincent (New York City)	(718) 405-3267
State University of New York Maritime College (New York City)	(718) 409-7200
LaGuardia Community College (New York City)	(718) 482-5935
LIU Brooklyn (Brooklyn)	(718) 488-1011
Hostos Community College	(718) 518-4444
Queensborough Community College (New York City)	(718) 631-6262
Pratt Institute (New York City)	(718) 636-3600
Fordham University (New York City)	(718) 817-1000
Monroe College (The Bronx)	(718) 933-6700
St. Joseph's College (New York City)	(718) 940-5300
Brooklyn College (Brooklyn)	(718) 951-5000
Lehman College (The Bronx)	(718) 960-8000
College of Staten Island (Staten Island)	(718) 982-2000
St. John's University (Queens)	(718) 990-2000
Queens College, City University of New York (New York City)	(718) 997-5000
University of Colorado Colorado Springs (Colorado Springs)	(719) 255-8227
United States Air Force Academy (Colorado Springs)	(719) 333-2025
Colorado College (Colorado Springs)	(719) 389-6000
Pikes Peak Community College (Colorado Springs)	(719) 502-2000
Colorado State University–Pueblo (Pueblo)	(719) 549-2100
Adams State University (Alamosa)	(719) 587-7011
Washington & Jefferson College (Washington)	(724) 222-4400
Indiana University of Pennsylvania (Indiana)	(724) 357-2100
Grove City College (Grove City)	(724) 458-2000
Saint Vincent College (Latrobe)	(724) 532-6600
Thiel College (Greenville)	(724) 589-2000
Waynesburg University (Waynesburg)	(724) 627-8191
University of Pittsburgh at Greensburg (Greensburg)	(724) 837-7040
Geneva College (Beaver Falls)	(724) 846-5100
Westmoreland County Community College (Youngwood)	(724) 925-4000
California University of Pennsylvania (California)	(724) 938-4000
Westminster College (New Wilmington)	(724) 946-7100
St. Petersburg College (St. Petersburg)	(727) 341-4249
University of South Florida St. Petersburg (St. Petersburg)	(727) 873-7748
Bethel University (McKenzie)	(731) 352-4000
Jackson State Community College (Jackson)	(731) 424-3520
Lane College (Jackson)	(731) 426-7500
Lambuth University (Jackson)	(731) 427-4725
Union University (Jackson)	(731) 668-1818
Freed–Hardeman University (Henderson)	(731) 989-6000
Brookdale Community College (Lincroft)	(732) 224-2345
Ocean County College (Toms River)	(732) 255-0400
Rutgers University (New Brunswick)	(732) 445-4636
Middlesex County College (Edison)	(732) 548-6000
Monmouth University (West Long Branch)	(732) 571-3400
Georgian Court University (Lakewood)	(732) 987-2700
Schoolcraft College (Livonia)	(734) 462-4400
Eastern Michigan University (Ypsilanti)	(734) 487-1849
University of Michigan (Ann Arbor)	(734) 764-1817
Washtenaw Community College (Ann Arbor)	(734) 973-3300
Eastern Gateway Community College (Steubenville)	(740) 264-5591
Franciscan University of Steubenville (Steubenville)	(740) 283-3771
Shawnee State University (Portsmouth)	(740) 354-3205
Ohio Wesleyan University (Delaware)	(740) 368-2000
Washington State Community College (Marietta)	(740) 374-8716
Marietta College (Marietta)	(740) 376-4600
Mount Vernon Nazarene University (Mount Vernon)	(740) 392-6868
Kenyon College (Gambier)	(740) 427-5000
Ohio Christian University (Circleville)	(740) 474-8896
Denison University (Granville)	(740) 587-0810
Ohio University (Athens)	(740) 593-1000
Hocking College (Nelsonville)	(740) 753-3591
Muskingum University (New Concord)	(740) 826-8211
College of William & Mary	(757) 221-4000
Regent University (Virginia Beach)	(757) 352-4127
Virginia Wesleyan College (Norfolk)	(757) 455-3200
Christopher Newport University (Newport News)	(757) 594-7000
Old Dominion University (Norfolk)	(757) 683-3000
Hampton University (Hampton)	(757) 727-5000
Tidewater Community College (Norfolk)	(757) 822-5100
Norfolk State University (Norfolk)	(757) 823-8600
Thomas Nelson Community College (Hampton)	(757) 825-2700
California State University San Marcos (San Marcos)	(760) 750-4000
Deep Springs College (Deep Springs, California)	(760) 872-2000
Ball State University (Muncie)	(765) 289-1241
Wabash College (Crawfordsville)	(765) 361-6100
Purdue University (West Lafayette)	(765) 494-4600
DePauw University (Greencastle)	(765) 658-4800
Indiana Wesleyan University (Marion)	(765) 674-6901
Indiana University East (Richmond)	(765) 973-8200
Earlham School of Religion (Richmond)	(765) 983-1423
Earlham College (Richmond)	(765) 983-1734
Taylor University	(765) 998-2751
Chattahoochee Technical College (Marietta)	(770) 528-4545
Brenau University (Gainesville)	(770) 534-6299
Reinhardt University (Waleska)	(770) 720-5600
Loyola University Chicago (Chicago)	(773) 274-3000
Saint Xavier University (Chicago)	(773) 298-3000
Northeastern Illinois University (Chicago)	(773) 583-4050
University of Chicago (Chicago)	(773) 702-1234
Chicago State University (Chicago)	(773) 995-2000
Western Nevada College (Carson City)	(775) 445-3000
Truckee Meadows Community College (Reno)	(775) 673-7000
Great Basin College (Elko)	(775) 738-8493
University of Nevada, Reno (Reno)	(775) 784-1110
Babson College (Wellesley)	(781) 235-1200
Wellesley College (Wellesley)	(781) 283-1000
Franklin W. Olin College of Engineering (Needham)	(781) 292-2300
Brandeis University (Waltham)	(781) 736-2000
Regis College (Weston)	(781) 768-7000
Massasoit Community College (Brockton)	(781) 821-2222
Bentley University (Waltham)	(781) 891-2000
Kansas State University (Manhattan)	(785) 532-6011
Baker University (Baldwin City)	(785) 594-6451
Fort Hays State University (Hays)	(785) 628-3478
Washburn University (Topeka)	(785) 670-1010
University of Kansas (Lawrence)	(785) 864-2700
St. Cloud Technical and Community College (St. Cloud)	(800) 222-1009
The Master's Seminary (Los Angeles)	(800) 225-5867
Wayne State College (Wayne)	(800) 228-9972
Adelphi University (Garden City)	(800) 233-5744
Young Harris College (Young Harris, Georgia)	(800) 241-3754
American International College (Springfield)	(800) 242-3142
Gateway Technical College (Kenosha)	(800) 247-7122
Alaska Pacific University (Anchorage)	(800) 252-7528
South Carolina State University (Orangeburg)	(800) 260-5956
Lees–McRae College (Banner Elk)	(800) 280-4562
Medaille College (Buffalo)	(800) 292-1582
Flagler College (St. Augustine)	(800) 304-4208
Dakota Wesleyan University (Mitchell)	(800) 333-8506
Pfeiffer University (Misenheimer)	(800) 338-2060
Wilmington College (Wilmington)	(800) 341-9318
North Dakota State College of Science (Wahpeton)	(800) 342-4325
University of the Cumberlands (Williamsburg)	(800) 343-1609
Schreiner University (Kerrville)	(800) 343-4919
Concord University (Athens)	(800) 344-6679
Barton College (Wilson)	(800) 345-4973
High Point University (High Point)	(800) 345-6993
Trine University (Angola)	(800) 347-4878
Moody Bible Institute (Chicago)	(800) 356-6639
King University (Bristol)	(800) 362-0014
Walsh University (North Canton)	(800) 362-9846
Eastern New Mexico University (Portales, New Mexico)	(800) 367-3668
Luzerne County Community College (Nanticoke)	(800) 377-5222
Calvin Theological Seminary (Grand Rapids)	(800) 388-6034
University of Bridgeport (Bridgeport)	(800) 392-3582
Lyon College (Batesville)	(800) 423-2542
Shenandoah University (Winchester)	(800) 432-2266
Montana Tech of the University of Montana (Butte)	(800) 445-8324
Southwestern Michigan College (Dowagiac)	(800) 456-8675
Eckerd College (St. Petersburg)	(800) 456-9009
Nichols College (Dudley)	(800) 470-3379
Malone University (Canton)	(800) 521-1146
Kentucky Christian University (Grayson)	(800) 522-3181
Hastings College (Hastings)	(800) 532-7642
Valley City State University (Valley City)	(800) 532-8641
Nova Southeastern University (Fort Lauderdale)	(800) 541-6682
Walla Walla University (College Place)	(800) 541-8900
Grace College and Theological Seminary (Winona Lake)	(800) 544-7223
Troy University (Troy)	(800) 551-9716
The Master's College (Santa Clarita)	(800) 568-6248
University of Toledo (Toledo)	(800) 586-5336
Maryville College (Maryville)	(800) 597-2687
Northwood University (Midland)	(800) 622-9000
Manhattan College (New York City)	(800) 622-9235
The College of Saint Rose (Albany)	(800) 637-8556
Fairmont State University (Fairmont)	(800) 641-5678
Southwest Minnesota State University (Marshall)	(800) 642-0684
Marshall University (Huntington)	(800) 642-3463
Midland University (Fremont)	(800) 642-8382
Lansing Community College (Lansing)	(800) 644-4522
E. Claiborne Robins School of Business (Richmond)	(800) 700-1662
Oakland City University (Oakland City)	(800) 737-5125
Vincennes University (Vincennes)	(800) 742-9198
Bellevue University (Bellevue)	(800) 756-7920
Saint Louis University (St. Louis)	(800) 758-3678
Robert Morris University (Moon)	(800) 762-0097
Southern Adventist University (Collegedale)	(800) 768-8437
Wartburg College (Waverly)	(800) 772-2085
Green Mountain College (Poultney)	(800) 776-6675
Minot State University (Minot)	(800) 777-0750
University of Southern Maine (Portland)	(800) 800-4876
Seton Hill University (Greensburg)	(800) 826-6234
Livingstone College (Salisbury)	(800) 835-3435
Elmira Business Institute (Elmira)	(800) 843-1812
Viterbo University (La Crosse)	(800) 848-3726
Franklin College (Franklin)	(800) 852-0232
Texas State Technical College (Harlingen)	(800) 852-8784
University of Great Falls (Great Falls)	(800) 856-9544
Barclay College (Haviland)	(800) 862-0226
Ferrum College (Ferrum)	(800) 868-9797
Western State Colorado University (Gunnison)	(800) 876-5309
Lourdes University (Sylvania)	(800) 878-3210
United States Coast Guard Academy (New London)	(800) 883-8724
North Park University (Chicago)	(800) 888-6728
University of Maryland University College	(800) 888-8682
Slippery Rock University of Pennsylvania	(800) 929-4778
Christ for the Nations Institute (Dallas)	(800) 933-2364
University of Science and Arts of Oklahoma (Chickasha)	(800) 933-8726
Coker College (Hartsville)	(800) 950-1908
South Dakota State University	(800) 952-3541
Cuyahoga Community College (Cleveland)	(800) 954-8742
Tiffin University (Tiffin)	(800) 968-6446
University of Mount Union (Alliance)	(800) 992-6682
University of Charleston (Charleston)	(800) 995-4682
Brigham Young University (Provo)	(801) 422-4636
Westminster College (Salt Lake City)	(801) 484-7651
LDS Business College (Salt Lake City)	(801) 524-8100
University of Utah (Salt Lake City)	(801) 581-7200
Davis Applied Technology College (Kaysville)	(801) 593-2500
Weber State University (Ogden)	(801) 626-6000
Ogden–Weber Applied Technology College (Ogden)	(801) 627-8300
Utah College of Applied Technology (Lehi)	(801) 753-6282
Utah Valley University (Orem)	(801) 863-4636
Mountainland Applied Technology College (Orem)	(801) 863-6282
Salt Lake Community College (Salt Lake City)	(801) 957-7522
Vermont Technical College (Randolph Center)	(802) 254-5570
Marlboro College	(802) 257-4333
Marlboro College Graduate School (Brattleboro)	(802) 258-9200
Landmark College (Putney)	(802) 387-6718
Bennington College (Bennington)	(802) 442-5401
Middlebury College (Middlebury)	(802) 443-5000
Southern Vermont College (Bennington)	(802) 447-4000
Goddard College (Plainfield)	(802) 454-8311
Castleton State College (Castleton)	(802) 468-5611
Norwich University (Northfield)	(802) 485-2000
Sterling College (Craftsbury, Vermont)	(802) 586-7711
Lyndon State College (Lyndonville)	(802) 626-6413
Johnson State College (Johnson)	(802) 635-2356
Saint Michael's College (Colchester)	(802) 654-2000
University of Vermont (Burlington)	(802) 656-3131
Community College of Vermont (Waterbury)	(802) 828-2800
Vermont Law School (South Royalton, Vermont)	(802) 831-1000
Champlain College (Burlington)	(802) 860-2700
Benedict College (Columbia)	(803) 253-5000
Newberry College (Newberry)	(803) 276-5010
Winthrop University (Rock Hill)	(803) 323-2211
Allen University (Columbia)	(803) 376-5700
Claflin University (Orangeburg)	(803) 535-5000
Orangeburg–Calhoun Technical College (Orangeburg)	(803) 536-0311
University of South Carolina Aiken (Aiken)	(803) 648-6851
Midlands Technical College (West Columbia)	(803) 738-8324
University of South Carolina (Columbia)	(803) 777-0169
Morris College (Sumter)	(803) 778-1620
Voorhees College (Denmark)	(803) 780-1234
Virginia Union University (Richmond)	(804) 257-5600
University of Richmond (Richmond)	(804) 289-8000
J. Sargeant Reynolds Community College (Richmond)	(804) 371-3000
Virginia State University (Petersburg)	(804) 524-5000
Randolph–Macon College (Ashland)	(804) 752-7200
John Tyler Community College (Chester)	(804) 796-4000
Virginia Commonwealth University (Richmond)	(804) 828-0100
VCU Medical Center (Richmond)	(804) 828-9408
Moorpark College (Moorpark)	(805) 378-1400
California State University, Channel Islands (Camarillo)	(805) 437-8400
California Lutheran University (Thousand Oaks)	(805) 492-2411
Thomas Aquinas College (Santa Paula)	(805) 525-4417
Cuesta College (San Luis Obispo)	(805) 546-3100
Westmont College (Santa Barbara)	(805) 565-6000
California Polytechnic State University (San Luis Obispo)	(805) 756-1111
University of California, Santa Barbara (Santa Barbara)	(805) 893-8000
Antioch University Santa Barbara (Santa Barbara)	(805) 962-8179
Santa Barbara City College (Santa Barbara)	(805) 965-0581
Wayland Baptist University	(806) 291-1000
West Texas A&M University (Canyon)	(806) 651-0000
Texas Tech University (Lubbock)	(806) 742-2011
Lubbock Christian University (Lubbock)	(806) 796-8800
South Plains College (Levelland)	(806) 894-9611
Windward Community College (Honolulu)	(808) 235-7400
Kauai Community College (Lihue)	(808) 245-8311
Leeward Community College (Honolulu)	(808) 455-0011
Hawaii Pacific University (Honolulu)	(808) 544-0200
Brigham Young University–Hawaii	(808) 675-3211
University of Hawaii–West Oahu (Kapolei)	(808) 689-2800
Kapiolani Community College (Honolulu County)	(808) 734-9000
Chaminade University of Honolulu (Honolulu)	(808) 735-4711
Honolulu Community College (Honolulu)	(808) 845-9211
University of Hawaii at Hilo (Hilo)	(808) 932-7446
Hawaii Community College (Hilo)	(808) 934-2500
University of Hawaii Maui College (Kahului)	(808) 984-3500
University of Michigan–Flint (Flint)	(810) 762-3300
Baker College (Flint)	(810) 766-4000
Indiana State University (Terre Haute)	(812) 237-6311
Indiana University – Purdue University Columbus (Columbus)	(812) 348-7390
Ivy Tech Community College-Southwest (Evansville)	(812) 426-2865
University of Southern Indiana (Evansville)	(812) 464-8600
Saint Mary-of-the-Woods College (St. Mary's)	(812) 535-5151
Indiana University Bloomington (Bloomington)	(812) 855-4848
Kelley School of Business (Bloomington)	(812) 855-8100
Hanover College (Hanover)	(812) 866-7000
Rose-Hulman Institute of Technology (Terre Haute)	(812) 877-1511
Indiana University Southeast (New Albany)	(812) 941-2333
University of Tampa (Tampa)	(813) 253-3333
Hillsborough Community College (Tampa)	(813) 253-7000
University of South Florida (Tampa)	(813) 974-2011
University of Pittsburgh at Johnstown (Johnstown)	(814) 269-7000
Allegheny College (Meadville)	(814) 332-3100
University of Pittsburgh at Bradford (Bradford)	(814) 362-7500
Clarion University of Pennsylvania (Clarion)	(814) 393-2000
Saint Francis University (Loretto)	(814) 472-3000
Juniata College (Huntingdon)	(814) 641-3600
Edinboro University of Pennsylvania (Edinboro)	(814) 732-2000
Mercyhurst University (Erie)	(814) 824-2000
Pennsylvania State University (University Park)	(814) 865-4700
Gannon University (Erie)	(814) 871-7000
Penn State Erie, The Behrend College (Erie)	(814) 898-6000
Rockford University (Rockford)	(815) 226-4000
Northern Illinois University (DeKalb)	(815) 753-1000
Kishwaukee College (Malta)	(815) 825-2086
Lewis University (Romeoville)	(815) 838-0500
Rock Valley College (Rockford)	(815) 921-7821
University of Missouri–Kansas City (Kansas City)	(816) 235-1000
Missouri Western State University (Saint Joseph)	(816) 271-4200
Kansas City Art Institute (Kansas City)	(816) 472-4852
Rockhurst University (Kansas City)	(816) 501-4100
Kansas City University of Medicine and Biosciences (Kansas City)	(816) 654-7000
Park University (Parkville)	(816) 741-2000
William Jewell College (Liberty)	(816) 781-7700
Avila University (Kansas City)	(816) 942-8400
Research College of Nursing (Kansas City)	(816) 995-2800
Texas Christian University (Fort Worth)	(817) 257-7000
Neeley School of Business (Fort Worth)	(817) 257-7527
University of Texas at Arlington (Arlington)	(817) 272-2011
Arlington Baptist College (Arlington)	(817) 461-8741
Tarrant County College (Fort Worth)	(817) 515-2789
Texas Wesleyan University (Fort Worth)	(817) 531-4444
University of North Texas Health Science Center (Fort Worth)	(817) 735-2000
Glendale Community College (Glendale)	(818) 240-1000
California State University, Northridge (Los Angeles)	(818) 677-1200
Los Angeles Pierce College (Woodland Hills)	(818) 710-4100
Western Carolina University	(828) 227-7211
University of North Carolina at Asheville (Asheville)	(828) 251-6600
Appalachian State University (Boone)	(828) 262-2000
Warren Wilson College (Swannanoa)	(828) 298-3325
Catawba Valley Community College (Hickory)	(828) 327-7000
Lenoir–Rhyne University (Hickory)	(828) 328-1741
Asheville–Buncombe Technical Community College (Asheville)	(828) 398-7900
Montreat College (Montreat)	(828) 669-8012
Brevard College (Brevard)	(828) 883-8292
Texas Lutheran University (Seguin)	(830) 372-8000
University of California, Santa Cruz (Santa Cruz)	(831) 459-0111
California State University, Monterey Bay (Seaside)	(831) 582-3000
Naval Postgraduate School (Monterey)	(831) 656-2441
The Citadel, The Military College of South Carolina (Charleston)	(843) 225-3294
Charleston School of Law (Charleston)	(843) 329-1000
Coastal Carolina University (Conway)	(843) 347-3161
Horry-Georgetown Technical College	(843) 347-3186
University of South Carolina Beaufort	(843) 521-4100
Trident Technical College (Charleston)	(843) 574-6111
Francis Marion University (Florence)	(843) 661-1362
Medical University of South Carolina (Charleston)	(843) 792-9457
College of Charleston (Charleston)	(843) 805-5507
Charleston Southern University (Charleston)	(843) 863-7000
State University of New York at New Paltz (New Paltz)	(845) 257-7869
St. Thomas Aquinas College (Sparkill)	(845) 398-4100
Dutchess Community College (Poughkeepsie)	(845) 431-8000
Vassar College (Poughkeepsie)	(845) 437-7000
The Culinary Institute of America (Hyde Park)	(845) 452-9600
Mount Saint Mary College (Newburgh)	(845) 561-0800
Marist College (Poughkeepsie)	(845) 575-3000
SUNY Ulster (Marbletown)	(845) 687-5000
Bard College (Red Hook)	(845) 758-6822
United States Military Academy (West Point)	(845) 938-4011
Lake Forest College (Lake Forest)	(847) 234-3100
Kellogg School of Management (Evanston)	(847) 467-7000
Northwestern University (Evanston)	(847) 491-3741
College of Lake County (Grayslake)	(847) 543-2000
Oakton Community College (Des Plaines)	(847) 635-1600
Elgin Community College (Elgin)	(847) 697-1000
Trinity International University (Deerfield)	(847) 945-8800
Tallahassee Community College (Tallahassee)	(850) 201-6200
University of West Florida (Pensacola)	(850) 474-2000
Pensacola State College (Pensacola)	(850) 484-2200
Florida A&M University (Tallahassee)	(850) 599-3000
Florida State University (Tallahassee)	(850) 644-2525
Florida State University School of Library & Information Studies (Tallahassee)	(850) 644-5211
Northwest Florida State College (Niceville)	(850) 729-5397
Gulf Coast State College (Panama City)	(850) 769-1551
Lake Erie College (Painesville)	(855) 467-8676
Trident University (Cypress)	(855) 805-4304
Rutgers University–Camden (Camden)	(856) 225-1766
Camden County College (Gloucester Township)	(856) 227-7200
Rowan University (Glassboro)	(856) 256-4000
Salem Community College (Carneys Point)	(856) 299-2100
Rowan College at Gloucester County (Sewell)	(856) 468-5000
Cumberland County College (Vineland)	(856) 691-8600
University of California, San Diego (San Diego)	(858) 534-2230
San Diego Miramar College (San Diego)	(858) 536-7310
John Paul the Great Catholic University (San Diego)	(858) 653-6740
Transylvania University (Lexington)	(859) 233-8300
Centre College (Danville)	(859) 238-5200
Bluegrass Community and Technical College (Lexington)	(859) 246-6200
University of Kentucky (Lexington)	(859) 257-9000
St. Catharine College (Saint Catharine, Kentucky)	(859) 336-5082
Thomas More College (Crestview Hills)	(859) 341-5800
Gateway Community and Technical College (Florence)	(859) 441-4500
Northern Kentucky University (Highland Heights)	(859) 572-5220
Eastern Kentucky University (Richmond)	(859) 622-1000
Asbury University (Wilmore)	(859) 858-3511
Asbury Theological Seminary (Wilmore)	(859) 858-3581
Berea College (Berea)	(859) 985-3000
University of Saint Joseph (West Hartford)	(860) 232-4571
Trinity College (Hartford)	(860) 297-2000
Connecticut College (New London)	(860) 447-1911
Eastern Connecticut State University (Windham)	(860) 465-5000
University of Connecticut (Mansfield)	(860) 486-4900
Manchester Community College (Manchester)	(860) 512-3000
Wesleyan University (Middletown)	(860) 685-2000
Mitchell College (New London)	(860) 701-5000
University of Hartford (West Hartford)	(860) 768-4100
The Hartt School (West Hartford)	(860) 768-4451
Tunxis Community College (Farmington)	(860) 773-1300
Central Connecticut State University (New Britain)	(860) 832-3200
Polk State College (Winter Haven)	(863) 297-1000
Florida Polytechnic University (Lakeland)	(863) 583-9050
Southeastern University (Lakeland)	(863) 667-5000
Florida Southern College (Lakeland)	(863) 680-4111
Anderson University (Anderson)	(864) 231-2000
Bob Jones University (Greenville)	(864) 242-5100
Greenville Technical College (Greenville)	(864) 250-8000
Furman University (Greenville)	(864) 294-2000
Erskine College (Due West, South Carolina)	(864) 379-2131
Lander University (Greenwood)	(864) 388-8000
Limestone College (Gaffney)	(864) 489-7151
University of South Carolina Upstate (Spartanburg)	(864) 503-5000
Spartanburg Methodist College (Spartanburg)	(864) 587-4000
Spartanburg Community College (Spartanburg)	(864) 592-4800
Converse College (Spartanburg)	(864) 596-9000
Wofford College (Spartanburg)	(864) 597-4000
Southern Wesleyan University (Central)	(864) 644-5000
Clemson University (Clemson)	(864) 656-3311
Presbyterian College (Clinton)	(864) 833-2820
North Greenville University	(864) 977-7000
Carson–Newman University (Jefferson City)	(865) 471-2000
Pellissippi State Community College (Knoxville)	(865) 694-6400
University of Tennessee (Knoxville)	(865) 974-1000
University of Texas–Pan American (Edinburg)	(866) 441-8872
Mars Hill University (Mars Hill)	(866) 642-4968
Hope International University (Fullerton)	(866) 722-4673
Henderson State University (Arkadelphia)	(870) 230-5000
Southern Arkansas University (Magnolia)	(870) 235-4000
University of Arkansas at Monticello (Monticello)	(870) 460-1026
University of Arkansas at Pine Bluff (Pine Bluff)	(870) 575-8000
University of Arkansas Community College at Batesville (Batesville)	(870) 612-2000
North Arkansas College (Harrison)	(870) 743-3000
Williams Baptist College (Walnut Ridge)	(870) 886-6741
Arkansas State University (Jonesboro)	(870) 972-2100
Kenai Peninsula College (Soldotna)	(877) 262-0330
University of South Dakota (Vermillion)	(877) 269-6837
Christian Brothers University (Memphis)	(877) 321-4228
Central College (Pella)	(877) 462-3687
Mississippi University for Women (Columbus)	(877) 462-8439
Stevenson University (Stevenson, Maryland)	(877) 468-6852
Nicholls State University (Thibodaux)	(877) 642-4655
University of Montana Western (Dillon)	(877) 683-7331
Western Connecticut State University (Danbury)	(877) 837-9278
Southern Illinois University Edwardsville (Edwardsville)	(888) 328-5168
Graziadio School of Business and Management (Los Angeles)	(888) 339-0109
City University of Seattle (Seattle)	(888) 422-4898
Eureka College (Eureka)	(888) 438-7352
Thomas Edison State College (Trenton)	(888) 442-8372
King's College (Wilkes-Barre)	(888) 546-4772
National Louis University (Chicago)	(888) 658-8632
Indiana University Northwest (Gary)	(888) 968-7486
University of the Sciences (Philadelphia)	(888) 996-8747
Memphis College of Art (Memphis)	(901) 272-5100
Southwest Tennessee Community College (Memphis)	(901) 333-5000
LeMoyne–Owen College (Memphis)	(901) 435-1500
University of Tennessee Health Science Center (Memphis)	(901) 448-5500
Baptist College of Health Sciences (Memphis)	(901) 575-2247
University of Memphis (Memphis)	(901) 678-2000
Rhodes College (Memphis)	(901) 843-3000
University of Texas at Tyler (Tyler)	(903) 566-7000
Texas College (Tyler)	(903) 593-8311
Paris Junior College (Paris)	(903) 785-7661
Austin College (Sherman)	(903) 813-2000
Texas A&M University–Commerce (Commerce)	(903) 886-5102
East Texas Baptist University (Marshall)	(903) 923-2000
Jacksonville University (Jacksonville)	(904) 256-8000
Edward Waters College (Jacksonville)	(904) 470-8000
University of North Florida (Jacksonville)	(904) 620-1000
Florida State College at Jacksonville (Jacksonville)	(904) 633-8100
Northern Michigan University (Marquette)	(906) 227-1000
Finlandia University (Hancock)	(906) 482-5300
Michigan Technological University (Houghton)	(906) 487-1885
Lake Superior State University (Sault Ste. Marie)	(906) 632-6841
University of Alaska Southeast (Juneau)	(907) 296-6000
University of Alaska Fairbanks (Fairbanks)	(907) 474-7211
Career Academy (Anchorage)	(907) 563-7575
University of Alaska Anchorage (Anchorage)	(907) 786-1800
Iḷisaġvik College (Barrow)	(907) 852-3333
Kean University (Union)	(908) 737-5326
Centenary College of New Jersey (Hackettstown)	(908) 852-1400
Mt. San Antonio College (Walnut)	(909) 274-7500
San Bernardino Valley College (San Bernardino)	(909) 384-4400
California State University, San Bernardino (San Bernardino)	(909) 537-5000
Loma Linda University (Loma Linda)	(909) 558-4505
University of La Verne (La Verne)	(909) 593-3511
Keck Graduate Institute of Applied Life Sciences (Claremont)	(909) 607-7855
Pomona College (Claremont)	(909) 621-8000
Harvey Mudd College (Claremont)	(909) 621-8000
Claremont Graduate University (Claremont)	(909) 621-8000
Scripps College (Claremont)	(909) 621-8000
Pitzer College (Claremont)	(909) 621-8000
Claremont McKenna College (Claremont)	(909) 621-8088
Chaffey College (Rancho Cucamonga)	(909) 652-6000
University of Redlands (Redlands)	(909) 793-2121
Crafton Hills College (Yucaipa)	(909) 794-2161
California State Polytechnic University, Pomona (Pomona)	(909) 869-7659
Cape Fear Community College (Wilmington)	(910) 362-7000
Coastal Carolina Community College (Jacksonville)	(910) 455-1221
University of North Carolina at Pembroke (Pembroke)	(910) 521-6000
Methodist University (Fayetteville)	(910) 630-7000
Fayetteville State University (Fayetteville)	(910) 672-1111
University of North Carolina at Wilmington (Wilmington)	(910) 962-3000
Armstrong State University (Savannah)	(912) 344-2576
Savannah State University (Savannah)	(912) 356-2256
Georgia Southern University (Statesboro)	(912) 478-4636
Brewton–Parker College (Mount Vernon)	(912) 583-2241
Benedictine College (Atchison)	(913) 367-5340
Johnson County Community College (Overland Park)	(913) 469-8500
State University of New York at Purchase (Harrison)	(914) 251-6000
Sarah Lawrence College (Bronxville)	(914) 337-0700
New York Medical College (Valhalla)	(914) 594-4000
Iona College (New Rochelle)	(914) 633-2000
Manhattanville College (Harrison)	(914) 694-2200
University of Texas at El Paso (El Paso)	(915) 747-5000
El Paso Community College (El Paso)	(915) 831-3722
California State University, Sacramento (Sacramento)	(916) 278-6011
Holy Cross College	(916) 371-1313
American River College (Sacramento)	(916) 484-8011
Sacramento City College (Sacramento)	(916) 558-2111
William Jessup University (Rocklin)	(916) 577-2200
Sierra College (Rocklin)	(916) 624-3333
Oklahoma Wesleyan University (Bartlesville)	(918) 335-6219
Rogers State University (Claremore)	(918) 343-7777
Northeastern State University (Tahlequah)	(918) 456-5511
Oral Roberts University (Tulsa)	(918) 495-6161
Oklahoma State University–Tulsa (Tulsa)	(918) 594-8000
Tulsa Community College (Tulsa)	(918) 595-7000
University of Tulsa (Tulsa)	(918) 631-2000
Louisburg College (Louisburg)	(919) 496-2521
William Peace University (Raleigh)	(919) 508-2000
North Carolina State University (Raleigh)	(919) 515-2011
St. Augustine's University (Raleigh)	(919) 516-4000
North Carolina Central University (Durham)	(919) 530-6100
Durham Technical Community College (Durham)	(919) 536-7200
Duke University (Durham)	(919) 684-8111
Meredith College (Raleigh)	(919) 760-8600
Southeastern Baptist Theological Seminary (Wake Forest)	(919) 761-2100
Shaw University	(919) 828-1730
Wake Technical Community College (Raleigh)	(919) 866-5000
University of North Carolina at Chapel Hill (Chapel Hill)	(919) 962-2211
St. Norbert College (De Pere)	(920) 337-3181
University of Wisconsin–Oshkosh (Oshkosh)	(920) 424-1234
University of Wisconsin–Green Bay (Green Bay)	(920) 465-2000
Northeast Wisconsin Technical College (Green Bay)	(920) 498-5400
Lakeland College (Plymouth)	(920) 565-1000
Silver Lake College (Manitowoc)	(920) 686-6175
Fox Valley Technical College (Appleton)	(920) 735-5600
Ripon College (Ripon)	(920) 748-8115
Lawrence University (Appleton)	(920) 832-7000
Marian University (Fond du Lac)	(920) 923-7600
Saint Mary's College of California (Moraga)	(925) 631-4000
Diablo Valley College (Pleasant Hill)	(925) 685-1230
Arizona Western College (Yuma)	(928) 317-6000
Yavapai College (Prescott)	(928) 445-7300
Northern Arizona University (Flagstaff)	(928) 523-9011
Coconino County Community College (Flagstaff)	(928) 527-1222
Prescott College (Prescott)	(928) 713-8203
Austin Peay State University (Clarksville)	(931) 221-7011
Tennessee Technological University (Cookeville)	(931) 372-3101
Motlow State Community College (Tullahoma)	(931) 393-1500
Columbia State Community College (Columbia)	(931) 540-2722
Sewanee: The University of the South (Sewanee)	(931) 598-1000
Prairie View A&M University (Prairie View)	(936) 261-3311
Sam Houston State University (Huntsville)	(936) 294-1111
Stephen F. Austin State University (Nacogdoches)	(936) 468-3401
Angelina College (Lufkin)	(936) 639-1301
University of Dayton (Dayton)	(937) 229-1000
Air Force Institute of Technology	(937) 255-6565
Clark State Community College (Springfield)	(937) 325-0691
Wittenberg University (Springfield)	(937) 327-6231
Central State University	(937) 376-6011
Sinclair Community College (Dayton)	(937) 512-3000
Cedarville University (Cedarville)	(937) 766-7700
Urbana University (Urbana)	(937) 772-9200
Wright State University (Dayton)	(937) 775-3333
Midwestern State University (Wichita Falls)	(940) 397-4000
University of North Texas (Denton)	(940) 565-2000
North Central Texas College (Gainesville)	(940) 668-7731
Texas Woman's University (Denton)	(940) 898-2000
Ringling College of Art and Design (Sarasota)	(941) 351-5100
University of South Florida Sarasota–Manatee (Sarasota)	(941) 359-4200
New College of Florida (Sarasota)	(941) 487-5000
State College of Florida, Manatee–Sarasota (Bradenton)	(941) 752-5000
Brandman University (Irvine)	(949) 753-4774
University of California, Irvine (Irvine)	(949) 824-5011
Concordia University (Irvine)	(949) 854-8002
Riverside City College (Riverside)	(951) 222-8000
California Baptist University (Riverside)	(951) 689-5771
La Sierra University (Riverside)	(951) 785-2000
University of California, Riverside (Riverside)	(951) 827-1012
Normandale Community College (Bloomington)	(952) 358-8200
Crown College (St. Bonifacius, Minnesota)	(952) 446-4100
Broward College (Fort Lauderdale)	(954) 201-6800
Keiser University (Fort Lauderdale)	(954) 776-4456
Texas A&M International University (Laredo)	(956) 326-2001
University of Texas at Brownsville (Brownsville)	(956) 882-8200
Fort Lewis College (Durango)	(970) 247-7010
Colorado Mesa University (Grand Junction)	(970) 248-1020
Western Colorado Community College (Grand Junction)	(970) 255-2600
Aims Community College (Greeley)	(970) 330-8008
University of Northern Colorado (Greeley)	(970) 351-1890
Colorado State University (Fort Collins)	(970) 491-6444
Colorado Mountain College (Glenwood Springs)	(970) 945-8691
Portland Community College (Portland)	(971) 722-6111
Richland College (Dallas)	(972) 238-6100
Dallas Christian College (Dallas)	(972) 241-3371
North Lake College (Irving)	(972) 273-3000
University of Dallas (Irving)	(972) 721-5000
Brookhaven College (Farmers Branch)	(972) 860-4700
Collin College (McKinney)	(972) 881-5790
University of Texas at Dallas (Richardson)	(972) 883-2111
Southwestern Assemblies of God University (Waxahachie)	(972) 937-4010
College of Saint Elizabeth (Morristown)	(973) 290-4000
Rutgers–Newark (Newark)	(973) 353-1766
Drew University (Madison)	(973) 408-3000
New Jersey Institute of Technology (Newark)	(973) 596-3000
Caldwell University (Caldwell)	(973) 618-3000
Montclair State University (Montclair)	(973) 655-4000
William Paterson University (Wayne)	(973) 720-2000
Bloomfield College (Bloomfield)	(973) 748-9000
Seton Hall University (South Orange)	(973) 761-9000
Essex County College (Newark)	(973) 877-3000
Gordon–Conwell Theological Seminary (South Hamilton)	(978) 468-7111
Salem State University (Salem)	(978) 542-6000
Northern Essex Community College (Haverhill)	(978) 556-3000
Fitchburg State University (Fitchburg)	(978) 665-3000
Merrimack College (North Andover)	(978) 837-5000
Endicott College (Beverly)	(978) 927-0585
Gordon College (Wenham)	(978) 927-2300
University of Massachusetts Lowell (Lowell)	(978) 934-4000
Blinn College (Brenham)	(979) 830-4000
Texas A&M University (College Station)	(979) 845-3211
Texas A&M University Corps of Cadets (College Station)	(979) 862-2862
Johnson & Wales University-Charlotte (Charlotte)	(980) 598-1000
Southeastern Louisiana University (Hammond)	(985) 549-2000
Mid Michigan Community College (Harrison)	(989) 386-6622
Alma College (Alma)	(989) 463-7111
Delta College (University Center)	(989) 686-9000
Central Michigan University (Mount Pleasant)	(989) 774-4000
Saginaw Valley State University (University Center)	(989) 964-4000
Burman University (Lacombe)	+1 403-782-3381
St. Michael's College, Toronto (Toronto)	+1 416-926-1300
Carleton University (Ottawa)	+1 613-520-2600
Queen's University (Kingston)	+1 613-533-2000
University of the Southern Caribbean (Saint Joseph)	+1 868-662-2241
Saint Mary's University (Halifax Regional Municipality)	+1 902-420-5400
St. Francis Xavier University (Antigonish)	+1 902-863-3300
North-West University (Potchefstroom)	+27 18 389 2111
Edgewood College (Madison)	+27 31 260 3414
Hotelschool The Hague (The Hague)	+31 70 351 2481
CEFAM (Lyon)	+33 4 72 85 73 63
The American College, Dublin	+353 1 676 8939
Lorenzo de' Medici School	+39 055 283142
Pontifical University of Saint Thomas Aquinas (Rome)	+39 06 67021
Webster University Geneva (Bellevue)	+41 22 959 80 00
Newbold College of Higher Education (Bracknell)	+44 1344 407407
University of Oxford (Oxford)	+44 1865 270000
West London College (London)	+44 20 7491 1841
South & West Kent College (Tonbridge)	+44 845 207 8220
Red Cross Nordic United World College (Flekke)	+47 57 73 70 00
Taylor's University (Subang Jaya)	+60 3-5636 2641
Australian Catholic University (Sydney)	+61 2 9739 2258
James Cook University (Townsville)	+61 7 4781 4111
De La Salle University (Manila)	+63 2 524 4611
University of the East (Manila)	+63 2 735 5471
Moscow State Mining University (Moscow)	+7 499 230-23-10
Osaka Institute of Technology (Osaka)	+81 6-6954-4097
Republic of China Military Academy (Kaohsiung)	+886 7 746 2151
Himachal Pradesh University (Shimla)	+91 177 283 0912
Kakatiya University (Warangal)	+91 870 243 8866
Rochester Institute of Technology - Dubai (Dubai)	+971 4 371 2000
Bar-Ilan University (Ramat Gan)	+972 3-531-8111
Ouachita Baptist University	800-342-5628
